"","target","cue","results_forward","results_backward"
"5396","Krone","König",0.793814432989691,0.257731958762887
"5397","Krone","Gold",0.0412371134020619,NA
"5398","Krone","Königin",0.0412371134020619,0.0412371134020619
"5399","Krone","golden",0.0309278350515464,NA
"5400","Krone","Macht",0.0206185567010309,NA
"5401","Krone","Frosch",0.0206185567010309,NA
"5402","Krone","Schmuck",0.0103092783505155,NA
"5403","Krone","Zahn",0.0103092783505155,NA
"5404","Krone","Märchen",0.0103092783505155,NA
"5405","Krone","Zacken",0.0103092783505155,NA
"5406","Krone","Tiara",0.0103092783505155,NA
"3685","Hafen","Schiff",0.724489795918367,NA
"3686","Hafen","Meer",0.0408163265306122,NA
"3687","Hafen","Boot",0.0306122448979592,NA
"3688","Hafen","Wasser",0.0306122448979592,NA
"3689","Hafen","Hamburg",0.0306122448979592,NA
"3690","Hafen","sicher",0.0204081632653061,NA
"3691","Hafen","Fähre",0.0102040816326531,NA
"3692","Hafen","Matrose",0.0102040816326531,0.0104166666666667
"3693","Hafen","Ehe",0.0102040816326531,NA
"3694","Hafen","Cuxhaven",0.0102040816326531,NA
"3695","Hafen","Sicherheit",0.0102040816326531,NA
"3696","Hafen","allein",0.0102040816326531,NA
"3697","Hafen","Norddeutschland",0.0102040816326531,NA
"3698","Hafen","segeln",0.0102040816326531,NA
"3699","Hafen","Fisch",0.0102040816326531,NA
"3700","Hafen","See",0.0102040816326531,NA
"3701","Hafen","Anker",0.0102040816326531,0.0102040816326531
"3702","Hafen","Reise",0.0102040816326531,NA
"1302","Brunnen","Wasser",0.680412371134021,NA
"1303","Brunnen","tief",0.123711340206186,NA
"1304","Brunnen","Eimer",0.0515463917525773,0.0102040816326531
"1305","Brunnen","fallen",0.0412371134020619,NA
"1306","Brunnen","Trevi",0.0103092783505155,NA
"1307","Brunnen","Graben",0.0103092783505155,NA
"1308","Brunnen","Spindel",0.0103092783505155,NA
"1309","Brunnen","Tor",0.0103092783505155,NA
"1310","Brunnen","klar",0.0103092783505155,NA
"1311","Brunnen","Wasserversorgung",0.0103092783505155,NA
"1312","Brunnen","Froschkönig",0.0103092783505155,NA
"1313","Brunnen","Loch",0.0103092783505155,NA
"1314","Brunnen","hineinfallen",0.0103092783505155,NA
"1315","Brunnen","Frosch",0.0103092783505155,NA
"4477","Kamm","Haar",0.673469387755102,NA
"4478","Kamm","Bürste",0.0816326530612245,NA
"4479","Kamm","kämmen",0.0816326530612245,NA
"4480","Kamm","Zacken",0.0306122448979592,NA
"4481","Kamm","Zahn",0.0204081632653061,NA
"4482","Kamm","Laus",0.0204081632653061,NA
"4483","Kamm","Haare",0.0204081632653061,0.0306122448979592
"4484","Kamm","Frisur",0.0204081632653061,NA
"4485","Kamm","morgens",0.0102040816326531,NA
"4486","Kamm","Mann",0.0102040816326531,NA
"4487","Kamm","spielen",0.0102040816326531,NA
"4488","Kamm","Horn",0.0102040816326531,NA
"4489","Kamm","Zinken",0.0102040816326531,NA
"1766","Dach","Ziegel",0.32,NA
"1767","Dach","Haus",0.29,0.134020618556701
"1768","Dach","Schutz",0.09,NA
"1769","Dach","Schornstein",0.04,NA
"1770","Dach","oben",0.03,NA
"1771","Dach","Regen",0.03,NA
"1772","Dach","rot",0.02,NA
"1773","Dach","Schornsteinfeger",0.02,NA
"1774","Dach","Giebel",0.02,NA
"1775","Dach","Gebälk",0.01,NA
"1776","Dach","Wärmespender",0.01,NA
"1777","Dach","Speicher",0.01,NA
"1778","Dach","undicht",0.01,NA
"1779","Dach","Spatz",0.01,NA
"1780","Dach","Weihnachtsmann",0.01,NA
"1781","Dach","spitz",0.01,NA
"1782","Dach","decken",0.01,NA
"1783","Dach","Fenster",0.01,NA
"1784","Dach","kaputt",0.01,NA
"1785","Dach","Loch",0.01,NA
"1786","Dach","Dachpfanne",0.01,NA
"1787","Dach","Dachdecker",0.01,NA
"1788","Dach","Handwerker",0.01,NA
"5923","Lilie","Blume",0.622448979591837,0.0101010101010101
"5924","Lilie","Pflanze",0.0612244897959184,NA
"5925","Lilie","Blüte",0.0306122448979592,NA
"5926","Lilie","weiß",0.0306122448979592,NA
"5927","Lilie","Frankreich",0.0204081632653061,NA
"5928","Lilie","Wasser",0.0204081632653061,NA
"5929","Lilie","riechen",0.0102040816326531,NA
"5930","Lilie","Friedhof",0.0102040816326531,NA
"5931","Lilie","blühen",0.0102040816326531,NA
"5932","Lilie","Teich",0.0102040816326531,NA
"5933","Lilie","Rose",0.0102040816326531,NA
"5934","Lilie","Eleganz",0.0102040816326531,NA
"5935","Lilie","teuer",0.0102040816326531,NA
"5936","Lilie","duftend",0.0102040816326531,NA
"5937","Lilie","Duft",0.0102040816326531,NA
"5938","Lilie","Beerdigung",0.0102040816326531,NA
"5939","Lilie","exotisch",0.0102040816326531,NA
"5940","Lilie","grün",0.0102040816326531,NA
"5941","Lilie","lila",0.0102040816326531,NA
"5942","Lilie","zart",0.0102040816326531,NA
"5943","Lilie","Blütenpflanze",0.0102040816326531,NA
"5944","Lilie","stinken",0.0102040816326531,NA
"5945","Lilie","violett",0.0102040816326531,NA
"5946","Lilie","Tattoo",0.0102040816326531,NA
"5947","Lilie","Bourbonen",0.0102040816326531,NA
"5948","Lilie","Hochzeit",0.0102040816326531,NA
"5949","Lilie","Tod",0.0102040816326531,NA
"6901","Paddel","Boot",0.63,0.0103092783505155
"6902","Paddel","Kanu",0.08,0.0204081632653061
"6903","Paddel","Wasser",0.06,NA
"6904","Paddel","rudern",0.05,NA
"6905","Paddel","Fluss",0.03,NA
"6906","Paddel","Floß",0.02,NA
"6907","Paddel","Ruder",0.02,NA
"6908","Paddel","Hexe",0.01,NA
"6909","Paddel","Ruderboot",0.01,NA
"6910","Paddel","Sport",0.01,NA
"6911","Paddel","Kajak",0.01,NA
"6912","Paddel","Simpsons",0.01,NA
"6913","Paddel","Gummiboot",0.01,NA
"6914","Paddel","Faltboot",0.01,NA
"6915","Paddel","Urlaub",0.01,NA
"6916","Paddel","Spaß",0.01,NA
"6917","Paddel","Schiff",0.01,NA
"6918","Paddel","Schlauchboot",0.01,NA
"3220","Gebiss","Zahn",0.520408163265306,0.0103092783505155
"3221","Gebiss","Oma",0.112244897959184,NA
"3222","Gebiss","Zahnarzt",0.0816326530612245,NA
"3223","Gebiss","alt",0.0612244897959184,NA
"3224","Gebiss","Opa",0.0408163265306122,NA
"3225","Gebiss","Senioren",0.0306122448979592,NA
"3226","Gebiss","Gebissreiniger",0.0204081632653061,NA
"3227","Gebiss","Großeltern",0.0102040816326531,NA
"3228","Gebiss","reinigen",0.0102040816326531,NA
"3229","Gebiss","Alter",0.0102040816326531,NA
"3230","Gebiss","Dritten",0.0102040816326531,NA
"3231","Gebiss","Rentner",0.0102040816326531,NA
"3232","Gebiss","beißen",0.0102040816326531,NA
"3233","Gebiss","rausfallen",0.0102040816326531,NA
"3234","Gebiss","Kiefer",0.0102040816326531,NA
"3235","Gebiss","Altenheim",0.0102040816326531,NA
"3236","Gebiss","putzen",0.0102040816326531,NA
"3237","Gebiss","Haftcreme",0.0102040816326531,NA
"3238","Gebiss","lose",0.0102040816326531,NA
"3239","Gebiss","weiß",0.0102040816326531,NA
"7749","Radio","Musik",0.51,NA
"7750","Radio","hören",0.1,NA
"7751","Radio","Sender",0.07,NA
"7752","Radio","Antenne",0.05,NA
"7753","Radio","laut",0.03,NA
"7754","Radio","Salue",0.03,NA
"7755","Radio","Unterhaltung",0.02,NA
"7756","Radio","Strand",0.01,NA
"7757","Radio","Funk",0.01,NA
"7758","Radio","Fernseher",0.01,0.0102040816326531
"7759","Radio","Sendung",0.01,NA
"7760","Radio","BBC",0.01,NA
"7761","Radio","Fußball",0.01,NA
"7762","Radio","Lied",0.01,NA
"7763","Radio","Fernsehen",0.01,NA
"7764","Radio","Wecker",0.01,0.01
"7765","Radio","Medien",0.01,NA
"7766","Radio","Digital",0.01,NA
"7767","Radio","anmachen",0.01,NA
"7768","Radio","Welle",0.01,NA
"7769","Radio","GEZ",0.01,NA
"7770","Radio","Nachrichten",0.01,NA
"7771","Radio","Uhrzeit",0.01,NA
"7772","Radio","Hörer",0.01,NA
"7773","Radio","UKW",0.01,NA
"7774","Radio","SWR3",0.01,NA
"4998","Feder","Vogel",0.208333333333333,0.0574712643678161
"4999","Feder","schreiben",0.0909090909090909,NA
"5000","Feder","leicht",0.0871212121212121,NA
"5001","Feder","Tinte",0.0416666666666667,0.0337078651685393
"5002","Feder","Gans",0.0303030303030303,NA
"5003","Feder","Indianer",0.0265151515151515,NA
"5004","Feder","fliegen",0.0265151515151515,NA
"5005","Feder","weich",0.0227272727272727,NA
"5006","Feder","kitzeln",0.0227272727272727,NA
"5007","Feder","Geflügel",0.0189393939393939,NA
"5008","Feder","Vögel",0.0189393939393939,NA
"5009","Feder","Kissen",0.0189393939393939,0.0112359550561798
"5010","Feder","Huhn",0.0189393939393939,NA
"5011","Feder","Bett",0.0151515151515152,NA
"5012","Feder","weiß",0.0151515151515152,NA
"5013","Feder","Schwan",0.0151515151515152,NA
"5014","Feder","Schreibfeder",0.0113636363636364,NA
"5015","Feder","Kiel",0.0113636363636364,NA
"5016","Feder","Pfau",0.0113636363636364,0.0833333333333333
"5017","Feder","Boa",0.0113636363636364,0.0588235294117647
"5018","Feder","Hut",0.0113636363636364,0.0171428571428571
"5019","Feder","Füller",0.0113636363636364,NA
"5020","Feder","Allergie",0.00757575757575758,NA
"5021","Feder","rupfen",0.00757575757575758,NA
"5022","Feder","Ente",0.00757575757575758,NA
"5023","Feder","Stift",0.00757575757575758,NA
"5024","Feder","Gefieder",0.00757575757575758,NA
"5025","Feder","Taube",0.00757575757575758,NA
"5026","Feder","Uhrwerk",0.00757575757575758,NA
"5027","Feder","schweben",0.00757575757575758,NA
"5028","Feder","Pfeil",0.00757575757575758,NA
"5029","Feder","Halter",0.00757575757575758,NA
"5030","Feder","Hühner",0.00757575757575758,NA
"5031","Feder","Schreibgerät",0.00757575757575758,NA
"5032","Feder","Flügel",0.00757575757575758,NA
"5033","Feder","Daunen",0.00757575757575758,NA
"5034","Feder","springen",0.00757575757575758,NA
"5035","Feder","Fledermaus",0.00378787878787879,NA
"5036","Feder","Bauteil",0.00378787878787879,NA
"5037","Feder","Ei",0.00378787878787879,NA
"5038","Feder","Federwaage",0.00378787878787879,NA
"5039","Feder","Ikarus",0.00378787878787879,NA
"5040","Feder","Papier",0.00378787878787879,NA
"5041","Feder","Strauß",0.00378787878787879,NA
"5042","Feder","flauschig",0.00378787878787879,NA
"5043","Feder","Schreibzeug",0.00378787878787879,NA
"5044","Feder","elastisch",0.00378787878787879,NA
"5045","Feder","Römer",0.00378787878787879,NA
"5046","Feder","schlafen",0.00378787878787879,NA
"5047","Feder","Metall",0.00378787878787879,NA
"5048","Feder","farbig",0.00378787878787879,NA
"5049","Feder","Luft",0.00378787878787879,NA
"5050","Feder","Kastrat",0.00378787878787879,NA
"5051","Feder","jagen",0.00378787878787879,NA
"5052","Feder","Federboa",0.00378787878787879,NA
"5053","Feder","Bauer",0.00378787878787879,NA
"5054","Feder","Federball",0.00378787878787879,0.0111111111111111
"5055","Feder","fallen_lassen",0.00378787878787879,NA
"5056","Feder","schießen",0.00378787878787879,NA
"5057","Feder","Federkissen",0.00378787878787879,NA
"5058","Feder","Fliegen",0.00378787878787879,NA
"5059","Feder","Traktor",0.00378787878787879,NA
"5060","Feder","Matratze",0.00378787878787879,0.0227272727272727
"5061","Feder","Nest",0.00378787878787879,NA
"5062","Feder","Füllfederhalter",0.00378787878787879,NA
"5063","Feder","Tier",0.00378787878787879,NA
"5064","Feder","Landwirtschaft",0.00378787878787879,NA
"5065","Feder","Eis",0.00378787878787879,NA
"5066","Feder","Füllfeder",0.00378787878787879,NA
"5067","Feder","alt",0.00378787878787879,NA
"5068","Feder","Vogelfeder",0.00378787878787879,NA
"5069","Feder","Art",0.00378787878787879,NA
"5070","Feder","Tintenfeder",0.00378787878787879,NA
"5071","Feder","Hahn",0.00378787878787879,0.00558659217877095
"17821","Schirm","Regen",0.283524904214559,0.0508474576271186
"17822","Schirm","Schutz",0.122605363984674,NA
"17823","Schirm","Sonne",0.114942528735632,NA
"17824","Schirm","aufspannen",0.0459770114942529,NA
"17825","Schirm","Regenschirm",0.0344827586206897,NA
"17826","Schirm","nass",0.0306513409961686,NA
"17827","Schirm","Wind",0.0306513409961686,NA
"17828","Schirm","Sonnenschirm",0.0229885057471264,NA
"17829","Schirm","Bildschirm",0.0153256704980843,NA
"17830","Schirm","kalt",0.0153256704980843,NA
"17831","Schirm","Rettungsschirm",0.0114942528735632,NA
"17832","Schirm","trocken",0.0114942528735632,NA
"17833","Schirm","schützen",0.0114942528735632,NA
"17834","Schirm","Schirmständer",0.0114942528735632,NA
"17835","Schirm","Strand",0.00766283524904215,NA
"17836","Schirm","Knirps",0.00766283524904215,NA
"17837","Schirm","Charm",0.00766283524904215,NA
"17838","Schirm","rund",0.00766283524904215,NA
"17839","Schirm","aufklappen",0.00766283524904215,NA
"17840","Schirm","prasseln",0.00766283524904215,NA
"17841","Schirm","vergessen",0.00766283524904215,NA
"17842","Schirm","draußen",0.00766283524904215,NA
"17843","Schirm","halten",0.00383141762452107,NA
"17844","Schirm","Frost",0.00383141762452107,NA
"17845","Schirm","spannen",0.00383141762452107,NA
"17846","Schirm","Kappe",0.00383141762452107,NA
"17847","Schirm","abschirmen",0.00383141762452107,NA
"17848","Schirm","Tief",0.00383141762452107,NA
"17849","Schirm","Euro",0.00383141762452107,NA
"17850","Schirm","Stiel",0.00383141762452107,NA
"17851","Schirm","sonnen",0.00383141762452107,NA
"17852","Schirm","Wolken",0.00383141762452107,NA
"17853","Schirm","Automatik",0.00383141762452107,NA
"17854","Schirm","Gummistiefel",0.00383141762452107,NA
"17855","Schirm","Dach",0.00383141762452107,NA
"17856","Schirm","Meer",0.00383141762452107,NA
"17857","Schirm","Abweher",0.00383141762452107,NA
"17858","Schirm","Nässe",0.00383141762452107,NA
"17859","Schirm","Metall",0.00383141762452107,NA
"17860","Schirm","leicht",0.00383141762452107,NA
"17861","Schirm","Regenmantel",0.00383141762452107,0.0337078651685393
"17862","Schirm","klappen",0.00383141762452107,NA
"17863","Schirm","Auto",0.00383141762452107,NA
"17864","Schirm","Niederschlag",0.00383141762452107,NA
"17865","Schirm","Fallschirm",0.00383141762452107,NA
"17866","Schirm","Monitor",0.00383141762452107,NA
"17867","Schirm","Kraftfeld",0.00383141762452107,NA
"17868","Schirm","Melone",0.00383141762452107,NA
"17869","Schirm","Ständer",0.00383141762452107,NA
"17870","Schirm","Euro-Schutzschirm",0.00383141762452107,NA
"17871","Schirm","Regentropfen",0.00383141762452107,NA
"17872","Schirm","Knopf",0.00383141762452107,NA
"17873","Schirm","Tafel",0.00383141762452107,NA
"17874","Schirm","Säbel",0.00383141762452107,NA
"17875","Schirm","bunt",0.00383141762452107,NA
"17876","Schirm","Garten",0.00383141762452107,NA
"17877","Schirm","Leinwand",0.00383141762452107,NA
"17878","Schirm","Wetter",0.00383141762452107,NA
"17879","Schirm","Stiefel",0.00383141762452107,NA
"17880","Schirm","Nass",0.00383141762452107,NA
"17881","Schirm","Abwehr",0.00383141762452107,NA
"17882","Schirm","Hagel",0.00383141762452107,NA
"17883","Schirm","Stock",0.00383141762452107,NA
"17884","Schirm","Lichtformer",0.00383141762452107,NA
"17885","Schirm","Sonnenschutz",0.00383141762452107,NA
"17886","Schirm","Schutzschirm",0.00383141762452107,NA
"17887","Schirm","Flugzeug",0.00383141762452107,NA
"17888","Schirm","farbenfroh",0.00383141762452107,NA
"1044","Axt","Holz",0.206185567010309,NA
"1045","Axt","Baum",0.130584192439863,NA
"1046","Axt","Wald",0.0927835051546392,NA
"1047","Axt","scharf",0.0446735395189003,NA
"1048","Axt","Beil",0.0412371134020619,NA
"1049","Axt","fällen",0.0412371134020619,NA
"1050","Axt","hacken",0.0378006872852234,NA
"1051","Axt","Feuer",0.0274914089347079,NA
"1052","Axt","Kamin",0.0206185567010309,NA
"1053","Axt","Werkzeug",0.0206185567010309,NA
"1054","Axt","spalten",0.0206185567010309,NA
"1055","Axt","schlagen",0.0206185567010309,NA
"1056","Axt","Holzfäller",0.0171821305841924,NA
"1057","Axt","Arbeit",0.013745704467354,NA
"1058","Axt","Mörder",0.013745704467354,NA
"1059","Axt","Blut",0.013745704467354,NA
"1060","Axt","gefährlich",0.013745704467354,NA
"1061","Axt","Mord",0.013745704467354,NA
"1062","Axt","schwer",0.013745704467354,NA
"1063","Axt","Mann",0.013745704467354,NA
"1064","Axt","Tod",0.013745704467354,NA
"1065","Axt","Garten",0.00687285223367698,NA
"1066","Axt","groß",0.00687285223367698,NA
"1067","Axt","Klinge",0.00687285223367698,NA
"1068","Axt","Eisen",0.00687285223367698,NA
"1069","Axt","Zimmermann",0.00687285223367698,NA
"1070","Axt","Förster",0.00687285223367698,NA
"1071","Axt","Massenmörder",0.00343642611683849,NA
"1072","Axt","Blatt",0.00343642611683849,NA
"1073","Axt","Bau",0.00343642611683849,NA
"1074","Axt","Feuerholz",0.00343642611683849,NA
"1075","Axt","Kaminfeuer",0.00343642611683849,NA
"1076","Axt","Schneide",0.00343642611683849,NA
"1077","Axt","Muskeln",0.00343642611683849,NA
"1078","Axt","Waffe",0.00343642611683849,NA
"1079","Axt","zerschlagen",0.00343642611683849,NA
"1080","Axt","Säge",0.00343642611683849,NA
"1081","Axt","Klotz",0.00343642611683849,NA
"1082","Axt","Stiel",0.00343642611683849,NA
"1083","Axt","zerteilen",0.00343642611683849,NA
"1084","Axt","Kraft",0.00343642611683849,NA
"1085","Axt","hauen",0.00343642611683849,NA
"1086","Axt","Gimli",0.00343642611683849,NA
"1087","Axt","Hütte",0.00343642611683849,NA
"1088","Axt","Stahl",0.00343642611683849,NA
"1089","Axt","kräftig",0.00343642611683849,NA
"1090","Axt","anstrengend",0.00343642611683849,NA
"1091","Axt","Bauen",0.00343642611683849,NA
"1092","Axt","Hammer",0.00343642611683849,0.00337837837837838
"1093","Axt","tot",0.00343642611683849,NA
"1094","Axt","heizen",0.00343642611683849,NA
"1095","Axt","Stamm",0.00343642611683849,NA
"1096","Axt","Land",0.00343642611683849,NA
"1097","Axt","Ofen",0.00343642611683849,NA
"1098","Axt","Hacken",0.00343642611683849,NA
"1099","Axt","Grill",0.00343642611683849,NA
"1100","Axt","Kanada",0.00343642611683849,NA
"1101","Axt","Baumfäller",0.00343642611683849,NA
"1102","Axt","Waldarbeiter",0.00343642611683849,NA
"1103","Axt","kleinschlagen",0.00343642611683849,NA
"1104","Axt","Verletzung",0.00343642611683849,NA
"1105","Axt","Kopf",0.00343642611683849,NA
"1106","Axt","Barbar",0.00343642611683849,NA
"1107","Axt","Schweiß",0.00343642611683849,NA
"4147","Butter","Brot",0.202702702702703,0.104377104377104
"4148","Butter","Fett",0.0675675675675676,NA
"4149","Butter","gelb",0.0574324324324324,NA
"4150","Butter","Milch",0.0540540540540541,NA
"4151","Butter","streichen",0.0439189189189189,NA
"4152","Butter","Kühlschrank",0.0405405405405405,NA
"4153","Butter","weich",0.0405405405405405,NA
"4154","Butter","Margarine",0.0405405405405405,NA
"4155","Butter","Frühstück",0.0371621621621622,NA
"4156","Butter","Messer",0.027027027027027,0.0342465753424658
"4157","Butter","backen",0.0236486486486486,NA
"4158","Butter","Marmelade",0.0202702702702703,NA
"4159","Butter","Käse",0.0202702702702703,0.00342465753424658
"4160","Butter","Kuh",0.0168918918918919,0.0068259385665529
"4161","Butter","fettig",0.0168918918918919,NA
"4162","Butter","Kuchen",0.0168918918918919,0.00336700336700337
"4163","Butter","fett",0.0168918918918919,NA
"4164","Butter","hart",0.0168918918918919,NA
"4165","Butter","Brötchen",0.0135135135135135,NA
"4166","Butter","Wurst",0.0135135135135135,0.00689655172413793
"4167","Butter","lecker",0.0135135135135135,NA
"4168","Butter","schmieren",0.0101351351351351,NA
"4169","Butter","essen",0.0101351351351351,NA
"4170","Butter","Brotaufstrich",0.0101351351351351,NA
"4171","Butter","kochen",0.0101351351351351,NA
"4172","Butter","Dose",0.00675675675675676,NA
"4173","Butter","schmelzen",0.00675675675675676,NA
"4174","Butter","braten",0.00675675675675676,NA
"4175","Butter","ungesund",0.00675675675675676,NA
"4176","Butter","zart",0.00675675675675676,NA
"4177","Butter","ranzig",0.00675675675675676,NA
"4178","Butter","weiß",0.00675675675675676,NA
"4179","Butter","Tier",0.00675675675675676,NA
"4180","Butter","zerfließen",0.00337837837837838,NA
"4181","Butter","Papier",0.00337837837837838,NA
"4182","Butter","Nutella",0.00337837837837838,NA
"4183","Butter","Morgen",0.00337837837837838,NA
"4184","Butter","schmierig",0.00337837837837838,NA
"4185","Butter","tierisch",0.00337837837837838,NA
"4186","Butter","Geschmack",0.00337837837837838,NA
"4187","Butter","salzig",0.00337837837837838,NA
"4188","Butter","Toast",0.00337837837837838,NA
"4189","Butter","Sonntag",0.00337837837837838,NA
"4190","Butter","goldgelb",0.00337837837837838,NA
"4191","Butter","Landliebe",0.00337837837837838,NA
"4192","Butter","Creme",0.00337837837837838,NA
"4193","Butter","Milchprodukt",0.00337837837837838,NA
"4194","Butter","golden",0.00337837837837838,NA
"4195","Butter","Butterdose",0.00337837837837838,NA
"4196","Butter","bestreichen",0.00337837837837838,NA
"4197","Butter","Pfanne",0.00337837837837838,NA
"4198","Butter","Abendessen",0.00337837837837838,NA
"4199","Butter","sauer",0.00337837837837838,NA
"4200","Butter","abschneiden",0.00337837837837838,NA
"4201","Butter","Kühlregal",0.00337837837837838,NA
"4202","Butter","Lätta",0.00337837837837838,NA
"4203","Butter","Irland",0.00337837837837838,NA
"4204","Butter","Luxus",0.00337837837837838,NA
"4205","Butter","Öl",0.00337837837837838,NA
"4206","Butter","süß",0.00337837837837838,NA
"4207","Butter","Teller",0.00337837837837838,NA
"4208","Butter","kalt",0.00337837837837838,NA
"4209","Butter","Brezel",0.00337837837837838,0.0103448275862069
"4210","Butter","Cholesterin",0.00337837837837838,NA
"22037","Rüstung","Ritter",0.291095890410959,0.190972222222222
"22038","Rüstung","Mittelalter",0.0719178082191781,NA
"22039","Rüstung","Burg",0.0582191780821918,0.00337837837837838
"22040","Rüstung","schwer",0.0582191780821918,NA
"22041","Rüstung","Metall",0.0479452054794521,NA
"22042","Rüstung","Kampf",0.0410958904109589,NA
"22043","Rüstung","Schutz",0.0376712328767123,NA
"22044","Rüstung","Blech",0.0308219178082192,NA
"22045","Rüstung","Eisen",0.0308219178082192,NA
"22046","Rüstung","Krieg",0.0273972602739726,NA
"22047","Rüstung","Schwert",0.023972602739726,0.013840830449827
"22048","Rüstung","Lanze",0.0136986301369863,NA
"22049","Rüstung","Museum",0.0136986301369863,NA
"22050","Rüstung","Pferd",0.0136986301369863,NA
"22051","Rüstung","Turnier",0.0136986301369863,NA
"22052","Rüstung","Silber",0.0136986301369863,NA
"22053","Rüstung","kämpfen",0.0102739726027397,NA
"22054","Rüstung","Soldat",0.0102739726027397,NA
"22055","Rüstung","alt",0.0102739726027397,NA
"22056","Rüstung","Knappe",0.00684931506849315,NA
"22057","Rüstung","unbequem",0.00684931506849315,NA
"22058","Rüstung","Schlacht",0.00684931506849315,NA
"22059","Rüstung","Burgfräulein",0.00684931506849315,NA
"22060","Rüstung","Rost",0.00684931506849315,NA
"22061","Rüstung","hart",0.00684931506849315,NA
"22062","Rüstung","rostig",0.00684931506849315,NA
"22063","Rüstung","Abrüstung",0.00684931506849315,NA
"22064","Rüstung","unhandlich",0.00342465753424658,NA
"22065","Rüstung","Wappen",0.00342465753424658,NA
"22066","Rüstung","Panzerung",0.00342465753424658,NA
"22067","Rüstung","Käfer",0.00342465753424658,NA
"22068","Rüstung","aufrüsten",0.00342465753424658,NA
"22069","Rüstung","fechten",0.00342465753424658,NA
"22070","Rüstung","Lancelot",0.00342465753424658,NA
"22071","Rüstung","Schloss",0.00342465753424658,0.00350877192982456
"22072","Rüstung","Waffe",0.00342465753424658,NA
"22073","Rüstung","Rüstungsindustrie",0.00342465753424658,NA
"22074","Rüstung","Mitterlalter",0.00342465753424658,NA
"22075","Rüstung","Schlossgespenst",0.00342465753424658,NA
"22076","Rüstung","Sachen",0.00342465753424658,NA
"22077","Rüstung","Stahl",0.00342465753424658,NA
"22078","Rüstung","grau",0.00342465753424658,NA
"22079","Rüstung","Krieger",0.00342465753424658,NA
"22080","Rüstung","König",0.00342465753424658,NA
"22081","Rüstung","Militär",0.00342465753424658,NA
"22082","Rüstung","Zweikampf",0.00342465753424658,NA
"22083","Rüstung","Harnisch",0.00342465753424658,NA
"22084","Rüstung","Ritterrüstung",0.00342465753424658,NA
"22085","Rüstung","Wettkampf",0.00342465753424658,NA
"22086","Rüstung","sperrig",0.00342465753424658,NA
"22087","Rüstung","USA",0.00342465753424658,NA
"22088","Rüstung","starr",0.00342465753424658,NA
"22089","Rüstung","silbern",0.00342465753424658,NA
"22090","Rüstung","Kette",0.00342465753424658,NA
"22091","Rüstung","bewegungslos",0.00342465753424658,NA
"22092","Rüstung","klappern",0.00342465753424658,NA
"22093","Rüstung","Kettenhemd",0.00342465753424658,NA
"22094","Rüstung","Armee",0.00342465753424658,NA
"22095","Rüstung","Mut",0.00342465753424658,NA
"22096","Rüstung","robust",0.00342465753424658,NA
"22097","Rüstung","Kreuzzug",0.00342465753424658,NA
"22098","Rüstung","Fasching",0.00342465753424658,NA
"22099","Rüstung","Minnesänger",0.00342465753424658,NA
"22100","Rüstung","Helm",0.00342465753424658,NA
"10410","Hammer","Nagel",0.287162162162162,NA
"10411","Hammer","Werkzeug",0.121621621621622,NA
"10412","Hammer","schlagen",0.0777027027027027,NA
"10413","Hammer","Wand",0.0574324324324324,NA
"10414","Hammer","Daumen",0.0337837837837838,0.0217391304347826
"10415","Hammer","schwer",0.0337837837837838,NA
"10416","Hammer","Handwerker",0.027027027027027,NA
"10417","Hammer","Bild",0.0202702702702703,0.00348432055749129
"10418","Hammer","Meißel",0.0202702702702703,NA
"10419","Hammer","Sichel",0.0168918918918919,0.043010752688172
"10420","Hammer","hämmern",0.0168918918918919,NA
"10421","Hammer","Arbeit",0.0135135135135135,NA
"10422","Hammer","Zange",0.0135135135135135,0.0284697508896797
"10423","Hammer","klopfen",0.0101351351351351,NA
"10424","Hammer","Amboss",0.0101351351351351,NA
"10425","Hammer","nützlich",0.0101351351351351,NA
"10426","Hammer","Holz",0.0101351351351351,NA
"10427","Hammer","Schmerz",0.0101351351351351,NA
"10428","Hammer","Eisen",0.0101351351351351,NA
"10429","Hammer","Säge",0.00675675675675676,0.0104166666666667
"10430","Hammer","Stiel",0.00675675675675676,NA
"10431","Hammer","schwarz",0.00675675675675676,NA
"10432","Hammer","Keller",0.00675675675675676,NA
"10433","Hammer","Metall",0.00675675675675676,NA
"10434","Hammer","arbeiten",0.00675675675675676,NA
"10435","Hammer","Finger",0.00675675675675676,NA
"10436","Hammer","laut",0.00675675675675676,NA
"10437","Hammer","hauen",0.00675675675675676,NA
"10438","Hammer","hart",0.00675675675675676,NA
"10439","Hammer","Handwerken",0.00675675675675676,NA
"10440","Hammer","bauen",0.00675675675675676,NA
"10441","Hammer","Bau",0.00337837837837838,NA
"10442","Hammer","Schlagbohrer",0.00337837837837838,NA
"10443","Hammer","Holzhammermethode",0.00337837837837838,NA
"10444","Hammer","praktisch",0.00337837837837838,NA
"10445","Hammer","Axt",0.00337837837837838,0.00343642611683849
"10446","Hammer","Zelten",0.00337837837837838,NA
"10447","Hammer","Ohr",0.00337837837837838,NA
"10448","Hammer","Hilfsmittel",0.00337837837837838,NA
"10449","Hammer","Brett",0.00337837837837838,NA
"10450","Hammer","Thor",0.00337837837837838,NA
"10451","Hammer","Steigbügel",0.00337837837837838,NA
"10452","Hammer","Stein",0.00337837837837838,NA
"10453","Hammer","Schmerzen",0.00337837837837838,NA
"10454","Hammer","Handwerk",0.00337837837837838,NA
"10455","Hammer","Werkstatt",0.00337837837837838,NA
"10456","Hammer","Wohnung",0.00337837837837838,NA
"10457","Hammer","Verletzung",0.00337837837837838,NA
"10458","Hammer","zelten",0.00337837837837838,NA
"10459","Hammer","Heimwerker",0.00337837837837838,NA
"10460","Hammer","Holzgriff",0.00337837837837838,NA
"10461","Hammer","heimwerken",0.00337837837837838,NA
"10462","Hammer","Lärm",0.00337837837837838,NA
"10463","Hammer","Umzug",0.00337837837837838,NA
"10464","Hammer","Kasten",0.00337837837837838,NA
"10465","Hammer","Schmied",0.00337837837837838,NA
"10466","Hammer","Schraube",0.00337837837837838,0.0142857142857143
"10467","Hammer","Stahl",0.00337837837837838,NA
"10468","Hammer","Ikey",0.00337837837837838,NA
"10469","Hammer","Brutalität",0.00337837837837838,NA
"10470","Hammer","Handwerkszeug",0.00337837837837838,NA
"10471","Hammer","Handarbeit",0.00337837837837838,NA
"10472","Hammer","Hammerwurf",0.00337837837837838,NA
"10473","Hammer","Papa",0.00337837837837838,NA
"10474","Hammer","rot",0.00337837837837838,NA
"10475","Hammer","Schraubenzieher",0.00337837837837838,NA
"16053","Lehrerin","Schule",0.229965156794425,NA
"16054","Lehrerin","Tafel",0.111498257839721,NA
"16055","Lehrerin","Unterricht",0.10801393728223,NA
"16056","Lehrerin","lernen",0.0522648083623693,NA
"16057","Lehrerin","streng",0.0452961672473868,NA
"16058","Lehrerin","Kreide",0.0452961672473868,NA
"16059","Lehrerin","Kind",0.0418118466898955,NA
"16060","Lehrerin","Schüler",0.0348432055749129,NA
"16061","Lehrerin","Klasse",0.0278745644599303,NA
"16062","Lehrerin","Brille",0.0174216027874564,NA
"16063","Lehrerin","erklären",0.0139372822299652,NA
"16064","Lehrerin","nett",0.0104529616724739,NA
"16065","Lehrerin","Frau",0.0104529616724739,0.0036101083032491
"16066","Lehrerin","Wissen",0.0104529616724739,NA
"16067","Lehrerin","Hausaufgaben",0.0104529616724739,NA
"16068","Lehrerin","Bildung",0.00696864111498258,NA
"16069","Lehrerin","groß",0.00696864111498258,NA
"16070","Lehrerin","Note",0.00696864111498258,NA
"16071","Lehrerin","Erziehung",0.00696864111498258,NA
"16072","Lehrerin","lehren",0.00696864111498258,NA
"16073","Lehrerin","Grundschule",0.00696864111498258,NA
"16074","Lehrerin","schlau",0.00696864111498258,NA
"16075","Lehrerin","Klassenzimmer",0.00696864111498258,NA
"16076","Lehrerin","schreiben",0.00696864111498258,NA
"16077","Lehrerin","Lehrer",0.00696864111498258,NA
"16078","Lehrerin","alt",0.00696864111498258,NA
"16079","Lehrerin","Erdkunde",0.00348432055749129,NA
"16080","Lehrerin","Abitur",0.00348432055749129,NA
"16081","Lehrerin","freundlich",0.00348432055749129,NA
"16082","Lehrerin","Erzieherin",0.00348432055749129,NA
"16083","Lehrerin","Arbeit",0.00348432055749129,NA
"16084","Lehrerin","Stunde",0.00348432055749129,NA
"16085","Lehrerin","Lehrbuch",0.00348432055749129,NA
"16086","Lehrerin","Buch",0.00348432055749129,NA
"16087","Lehrerin","lesen",0.00348432055749129,NA
"16088","Lehrerin","Pflicht",0.00348432055749129,NA
"16089","Lehrerin","Test",0.00348432055749129,NA
"16090","Lehrerin","unangenehm",0.00348432055749129,NA
"16091","Lehrerin","Nicht-Vorbild",0.00348432055749129,NA
"16092","Lehrerin","arbeiten",0.00348432055749129,NA
"16093","Lehrerin","Pädagogin",0.00348432055749129,NA
"16094","Lehrerin","Strenge",0.00348432055749129,NA
"16095","Lehrerin","weiblich",0.00348432055749129,NA
"16096","Lehrerin","Schuh",0.00348432055749129,NA
"16097","Lehrerin","motzig",0.00348432055749129,NA
"16098","Lehrerin","Schulfach",0.00348432055749129,NA
"16099","Lehrerin","Unterlagen",0.00348432055749129,NA
"16100","Lehrerin","Mathematik",0.00348432055749129,NA
"16101","Lehrerin","Dutt",0.00348432055749129,NA
"16102","Lehrerin","Universität",0.00348432055749129,NA
"16103","Lehrerin","Ferien",0.00348432055749129,NA
"16104","Lehrerin","Pause",0.00348432055749129,NA
"16105","Lehrerin","Zickenalarm",0.00348432055749129,NA
"16106","Lehrerin","unfreundlich",0.00348432055749129,NA
"16107","Lehrerin","pädagogisch",0.00348432055749129,NA
"16108","Lehrerin","Stock",0.00348432055749129,NA
"16109","Lehrerin","hübsch",0.00348432055749129,NA
"16110","Lehrerin","ledig",0.00348432055749129,NA
"16111","Lehrerin","Pädagogik",0.00348432055749129,NA
"16112","Lehrerin","anstrengend",0.00348432055749129,NA
"16113","Lehrerin","Aufgabe",0.00348432055749129,NA
"16114","Lehrerin","launisch",0.00348432055749129,NA
"16115","Lehrerin","Langeweile",0.00348432055749129,NA
"16116","Lehrerin","beibringen",0.00348432055749129,NA
"16117","Lehrerin","Schwester",0.00348432055749129,NA
"16118","Lehrerin","Mitarbeit",0.00348432055749129,NA
"16119","Lehrerin","Stundenplan",0.00348432055749129,NA
"16120","Lehrerin","Vorbild",0.00348432055749129,NA
"16121","Lehrerin","Schulbank",0.00348432055749129,NA
"16122","Lehrerin","singen",0.00348432055749129,NA
"17232","Mauer","Stein",0.191780821917808,NA
"17233","Mauer","hoch",0.0513698630136986,NA
"17234","Mauer","Haus",0.0513698630136986,0.00346020761245675
"17235","Mauer","Berlin",0.0445205479452055,NA
"17236","Mauer","Wand",0.0376712328767123,NA
"17237","Mauer","Grenze",0.0342465753424658,NA
"17238","Mauer","DDR",0.0308219178082192,NA
"17239","Mauer","rot",0.0308219178082192,NA
"17240","Mauer","Hindernis",0.0273972602739726,NA
"17241","Mauer","Backstein",0.023972602739726,NA
"17242","Mauer","Begrenzung",0.0205479452054795,NA
"17243","Mauer","Maurer",0.0171232876712329,NA
"17244","Mauer","Mörtel",0.0171232876712329,NA
"17245","Mauer","Ziegelstein",0.0171232876712329,NA
"17246","Mauer","Beton",0.0171232876712329,NA
"17247","Mauer","klettern",0.0136986301369863,NA
"17248","Mauer","Schutz",0.0136986301369863,NA
"17249","Mauer","Graffiti",0.0136986301369863,NA
"17250","Mauer","grau",0.0136986301369863,NA
"17251","Mauer","Ziegel",0.0102739726027397,NA
"17252","Mauer","Trennung",0.0102739726027397,NA
"17253","Mauer","Garten",0.0102739726027397,NA
"17254","Mauer","hart",0.0102739726027397,NA
"17255","Mauer","fest",0.0102739726027397,NA
"17256","Mauer","Baustelle",0.0102739726027397,NA
"17257","Mauer","Zement",0.0102739726027397,NA
"17258","Mauer","bauen",0.0102739726027397,NA
"17259","Mauer","Abgrenzung",0.0102739726027397,NA
"17260","Mauer","China",0.00684931506849315,NA
"17261","Mauer","1989",0.00684931506849315,NA
"17262","Mauer","trennen",0.00684931506849315,NA
"17263","Mauer","Fuge",0.00684931506849315,NA
"17264","Mauer","Zaun",0.00684931506849315,NA
"17265","Mauer","Lehm",0.00684931506849315,NA
"17266","Mauer","Ostdeutschland",0.00684931506849315,NA
"17267","Mauer","Nagel",0.00342465753424658,NA
"17268","Mauer","Mauerstein",0.00342465753424658,NA
"17269","Mauer","Bau",0.00342465753424658,NA
"17270","Mauer","Efeu",0.00342465753424658,NA
"17271","Mauer","Burg",0.00342465753424658,0.027027027027027
"17272","Mauer","Abtrennung",0.00342465753424658,NA
"17273","Mauer","Arbeiter",0.00342465753424658,NA
"17274","Mauer","groß",0.00342465753424658,NA
"17275","Mauer","lang",0.00342465753424658,NA
"17276","Mauer","Wanze",0.00342465753424658,NA
"17277","Mauer","bewachsen",0.00342465753424658,NA
"17278","Mauer","Stacheldraht",0.00342465753424658,NA
"17279","Mauer","Stopp",0.00342465753424658,NA
"17280","Mauer","Nachbar",0.00342465753424658,NA
"17281","Mauer","Tor",0.00342465753424658,NA
"17282","Mauer","Erde",0.00342465753424658,NA
"17283","Mauer","Spachtel",0.00342465753424658,0.0283687943262411
"17284","Mauer","Wende",0.00342465753424658,NA
"17285","Mauer","Bild",0.00342465753424658,NA
"17286","Mauer","hässlich",0.00342465753424658,NA
"17287","Mauer","Sicherheit",0.00342465753424658,NA
"17288","Mauer","Gefängnis",0.00342465753424658,NA
"17289","Mauer","Gartenzaun",0.00342465753424658,NA
"17290","Mauer","Wall",0.00342465753424658,NA
"17291","Mauer","Sandstein",0.00342465753424658,NA
"17292","Mauer","Privatsphäre",0.00342465753424658,NA
"17293","Mauer","Blockade",0.00342465753424658,NA
"17294","Mauer","stabil",0.00342465753424658,NA
"17295","Mauer","Pflanze",0.00342465753424658,NA
"17296","Mauer","Kelle",0.00342465753424658,NA
"17297","Mauer","verlassen",0.00342465753424658,NA
"17298","Mauer","einfassen",0.00342465753424658,NA
"17299","Mauer","Blickschutz",0.00342465753424658,NA
"17300","Mauer","Bauarbeiter",0.00342465753424658,NA
"17301","Mauer","Fall",0.00342465753424658,NA
"17302","Mauer","geschlossen",0.00342465753424658,NA
"17303","Mauer","Teilung",0.00342465753424658,NA
"17304","Mauer","Sand",0.00342465753424658,NA
"17305","Mauer","stark",0.00342465753424658,NA
"17306","Mauer","schützen",0.00342465753424658,NA
"17307","Mauer","runterfallen",0.00342465753424658,NA
"17308","Mauer","Hausbau",0.00342465753424658,NA
"17309","Mauer","zu",0.00342465753424658,NA
"17310","Mauer","weiß",0.00342465753424658,NA
"17311","Mauer","Barriere",0.00342465753424658,NA
"17312","Mauer","verstecken",0.00342465753424658,NA
"17313","Mauer","Sichtschutz",0.00342465753424658,NA
"17314","Mauer","Trennlinie",0.00342465753424658,NA
"17315","Mauer","lauern",0.00342465753424658,NA
"17316","Mauer","Honecker",0.00342465753424658,NA
"17317","Mauer","Mauerfall",0.00342465753424658,NA
"17318","Mauer","Höhe",0.00342465753424658,NA
"17319","Mauer","Moos",0.00342465753424658,NA
"17320","Mauer","schwer",0.00342465753424658,NA
"17321","Mauer","Vorsprung",0.00342465753424658,NA
"17322","Mauer","Handwerker",0.00342465753424658,NA
"13887","Knochen","Hund",0.195804195804196,0.0104529616724739
"13888","Knochen","Skelett",0.125874125874126,NA
"13889","Knochen","brechen",0.041958041958042,NA
"13890","Knochen","Mark",0.034965034965035,NA
"13891","Knochen","weiß",0.0314685314685315,NA
"13892","Knochen","hart",0.027972027972028,NA
"13893","Knochen","Fleisch",0.027972027972028,NA
"13894","Knochen","Tier",0.0244755244755245,NA
"13895","Knochen","Bruch",0.020979020979021,NA
"13896","Knochen","Kalzium",0.020979020979021,NA
"13897","Knochen","vergraben",0.0174825174825175,NA
"13898","Knochen","Mensch",0.0174825174825175,NA
"13899","Knochen","Osteoporose",0.0174825174825175,NA
"13900","Knochen","Archäologie",0.0174825174825175,NA
"13901","Knochen","Körper",0.013986013986014,NA
"13902","Knochen","Dinosaurier",0.013986013986014,NA
"13903","Knochen","beißen",0.013986013986014,NA
"13904","Knochen","essen",0.0104895104895105,NA
"13905","Knochen","tot",0.0104895104895105,NA
"13906","Knochen","nagen",0.0104895104895105,NA
"13907","Knochen","Gebein",0.00699300699300699,NA
"13908","Knochen","Suppe",0.00699300699300699,NA
"13909","Knochen","Steinzeit",0.00699300699300699,NA
"13910","Knochen","gebrochen",0.00699300699300699,NA
"13911","Knochen","Bein",0.00699300699300699,0.0210526315789474
"13912","Knochen","Graben",0.00699300699300699,NA
"13913","Knochen","Grab",0.00699300699300699,NA
"13914","Knochen","werfen",0.00699300699300699,NA
"13915","Knochen","Belohnung",0.00699300699300699,NA
"13916","Knochen","Ausgrabung",0.00699300699300699,NA
"13917","Knochen","bellen",0.00699300699300699,NA
"13918","Knochen","knabbern",0.00699300699300699,NA
"13919","Knochen","Tod",0.00699300699300699,NA
"13920","Knochen","Fido",0.0034965034965035,NA
"13921","Knochen","Zahn",0.0034965034965035,NA
"13922","Knochen","verbuddeln",0.0034965034965035,NA
"13923","Knochen","Neandertaler",0.0034965034965035,NA
"13924","Knochen","Metzger",0.0034965034965035,NA
"13925","Knochen","Gelenk",0.0034965034965035,NA
"13926","Knochen","Ausgrabungsstätte",0.0034965034965035,NA
"13927","Knochen","groß",0.0034965034965035,NA
"13928","Knochen","Leiche",0.0034965034965035,NA
"13929","Knochen","verwesen",0.0034965034965035,NA
"13930","Knochen","Geflügel",0.0034965034965035,NA
"13931","Knochen","Knochenmarktransplantation",0.0034965034965035,NA
"13932","Knochen","Sarg",0.0034965034965035,NA
"13933","Knochen","Kannibale",0.0034965034965035,NA
"13934","Knochen","Friedhof",0.0034965034965035,NA
"13935","Knochen","Erde",0.0034965034965035,NA
"13936","Knochen","Leben",0.0034965034965035,NA
"13937","Knochen","Nudel",0.0034965034965035,NA
"13938","Knochen","Gerüst",0.0034965034965035,NA
"13939","Knochen","Leckerli",0.0034965034965035,NA
"13940","Knochen","Wirbel",0.0034965034965035,NA
"13941","Knochen","Fund",0.0034965034965035,NA
"13942","Knochen","Muskel",0.0034965034965035,NA
"13943","Knochen","röntgen",0.0034965034965035,NA
"13944","Knochen","stabil",0.0034965034965035,NA
"13945","Knochen","Apatit",0.0034965034965035,NA
"13946","Knochen","kauen",0.0034965034965035,NA
"13947","Knochen","Schmerz",0.0034965034965035,NA
"13948","Knochen","Dampf",0.0034965034965035,NA
"13949","Knochen","zerbrechlich",0.0034965034965035,NA
"13950","Knochen","Garten",0.0034965034965035,NA
"13951","Knochen","Hähnchen",0.0034965034965035,NA
"13952","Knochen","Knorpel",0.0034965034965035,NA
"13953","Knochen","Speichel",0.0034965034965035,NA
"13954","Knochen","Medizinstudium",0.0034965034965035,NA
"13955","Knochen","Kochlöffel",0.0034965034965035,NA
"13956","Knochen","Elle",0.0034965034965035,NA
"13957","Knochen","Sehne",0.0034965034965035,NA
"13958","Knochen","Fraktur",0.0034965034965035,NA
"13959","Knochen","suchen",0.0034965034965035,NA
"13960","Knochen","grau",0.0034965034965035,NA
"13961","Knochen","Aufbau",0.0034965034965035,NA
"13962","Knochen","Gerippe",0.0034965034965035,NA
"13963","Knochen","fest",0.0034965034965035,NA
"13964","Knochen","Band",0.0034965034965035,NA
"13965","Knochen","Entdeckung",0.0034965034965035,NA
"13966","Knochen","Urmensch",0.0034965034965035,NA
"13967","Knochen","Oberschenkel",0.0034965034965035,NA
"13968","Knochen","Chiropraktiker",0.0034965034965035,NA
"13969","Knochen","Physiologie",0.0034965034965035,NA
"13970","Knochen","Rippe",0.0034965034965035,NA
"13971","Knochen","Beweismaterial",0.0034965034965035,NA
"13972","Knochen","Pathologie",0.0034965034965035,NA
"13973","Knochen","alt",0.0034965034965035,NA
"13974","Knochen","Essen",0.0034965034965035,NA
"13975","Knochen","stinken",0.0034965034965035,NA
"13976","Knochen","länglich",0.0034965034965035,NA
"13977","Knochen","Kalk",0.0034965034965035,NA
"13978","Knochen","schwinden",0.0034965034965035,NA
"13979","Knochen","Infektion",0.0034965034965035,NA
"13980","Knochen","Gips",0.0034965034965035,NA
"19925","Pilz","Wald",0.224199288256228,NA
"19926","Pilz","giftig",0.149466192170818,NA
"19927","Pilz","Champignon",0.0889679715302491,NA
"19928","Pilz","Fliegenpilz",0.0604982206405694,NA
"19929","Pilz","essen",0.0498220640569395,NA
"19930","Pilz","sammeln",0.0498220640569395,NA
"19931","Pilz","Lamelle",0.0249110320284698,NA
"19932","Pilz","Essen",0.0213523131672598,NA
"19933","Pilz","Herbst",0.0177935943060498,NA
"19934","Pilz","Suppe",0.0142348754448399,NA
"19935","Pilz","Krankheit",0.0142348754448399,NA
"19936","Pilz","lecker",0.0142348754448399,NA
"19937","Pilz","Kopf",0.0106761565836299,NA
"19938","Pilz","Pizza",0.0106761565836299,0.00687285223367698
"19939","Pilz","braun",0.0106761565836299,NA
"19940","Pilz","Hut",0.0106761565836299,NA
"19941","Pilz","Atom",0.00711743772241993,NA
"19942","Pilz","Trüffel",0.00711743772241993,NA
"19943","Pilz","Boden",0.00711743772241993,NA
"19944","Pilz","Pfifferling",0.00711743772241993,NA
"19945","Pilz","Gift",0.00711743772241993,NA
"19946","Pilz","essbar",0.00711743772241993,NA
"19947","Pilz","schwammig",0.00711743772241993,NA
"19948","Pilz","Schmarotzer",0.00711743772241993,NA
"19949","Pilz","Natur",0.00711743772241993,NA
"19950","Pilz","suchen",0.00711743772241993,NA
"19951","Pilz","gifitg",0.00711743772241993,NA
"19952","Pilz","weiß",0.00711743772241993,NA
"19953","Pilz","rot",0.00711743772241993,NA
"19954","Pilz","Gewächs",0.00711743772241993,NA
"19955","Pilz","pflücken",0.00355871886120996,NA
"19956","Pilz","Moor",0.00355871886120996,NA
"19957","Pilz","Soße",0.00355871886120996,NA
"19958","Pilz","Pilzgeruch",0.00355871886120996,NA
"19959","Pilz","feucht",0.00355871886120996,NA
"19960","Pilz","Geruch",0.00355871886120996,NA
"19961","Pilz","Energie",0.00355871886120996,NA
"19962","Pilz","Stein",0.00355871886120996,NA
"19963","Pilz","wachsen",0.00355871886120996,NA
"19964","Pilz","Pokal",0.00355871886120996,NA
"19965","Pilz","Schlumpf",0.00355871886120996,NA
"19966","Pilz","Pflanze",0.00355871886120996,NA
"19967","Pilz","Pfannkuchen",0.00355871886120996,NA
"19968","Pilz","Schimmel",0.00355871886120996,NA
"19969","Pilz","schön",0.00355871886120996,NA
"19970","Pilz","Wiese",0.00355871886120996,NA
"19971","Pilz","Rahmsoße",0.00355871886120996,NA
"19972","Pilz","Wiesenchampignon",0.00355871886120996,NA
"19973","Pilz","PIlzragout",0.00355871886120996,NA
"19974","Pilz","Symbiose",0.00355871886120996,NA
"19975","Pilz","Korb",0.00355871886120996,NA
"19976","Pilz","Schwamm",0.00355871886120996,NA
"19977","Pilz","Pilzgulasch",0.00355871886120996,NA
"19978","Pilz","Punkt",0.00355871886120996,NA
"19979","Pilz","Steinpilz",0.00355871886120996,NA
"19980","Pilz","tot",0.00355871886120996,NA
"19981","Pilz","Shii-Take",0.00355871886120996,NA
"19982","Pilz","Fliege",0.00355871886120996,NA
"19983","Pilz","furchtbar",0.00355871886120996,NA
"19984","Pilz","Getränkestand",0.00355871886120996,NA
"19985","Pilz","Suche",0.00355871886120996,NA
"19986","Pilz","Moos",0.00355871886120996,NA
"19987","Pilz","Lichtung",0.00355871886120996,NA
"19988","Pilz","krank",0.00355871886120996,NA
"19989","Pilz","Ragout",0.00355871886120996,NA
"19990","Pilz","Männlein",0.00355871886120996,NA
"3617","Brücke","Fluss",0.21875,0.0337837837837838
"3618","Brücke","Wasser",0.111111111111111,NA
"3619","Brücke","Stein",0.0694444444444444,NA
"3620","Brücke","Verbindung",0.0520833333333333,NA
"3621","Brücke","Auto",0.0486111111111111,NA
"3622","Brücke","überqueren",0.0243055555555556,NA
"3623","Brücke","Übergang",0.0243055555555556,NA
"3624","Brücke","hoch",0.0208333333333333,NA
"3625","Brücke","Geländer",0.0173611111111111,NA
"3626","Brücke","Holz",0.0173611111111111,NA
"3627","Brücke","Autobahn",0.0173611111111111,NA
"3628","Brücke","Schiff",0.0173611111111111,NA
"3629","Brücke","Fußgänger",0.0173611111111111,NA
"3630","Brücke","Überquerung",0.0173611111111111,NA
"3631","Brücke","Straße",0.0138888888888889,NA
"3632","Brücke","Ufer",0.0104166666666667,NA
"3633","Brücke","Krieg",0.0104166666666667,NA
"3634","Brücke","Tal",0.0104166666666667,NA
"3635","Brücke","Pfeiler",0.0104166666666667,NA
"3636","Brücke","Zug",0.0104166666666667,NA
"3637","Brücke","spannen",0.00694444444444444,NA
"3638","Brücke","Arnheim",0.00694444444444444,NA
"3639","Brücke","groß",0.00694444444444444,NA
"3640","Brücke","Saar",0.00694444444444444,NA
"3641","Brücke","Bogen",0.00694444444444444,0.00380228136882129
"3642","Brücke","Saarbrücken",0.00694444444444444,NA
"3643","Brücke","verbinden",0.00694444444444444,NA
"3644","Brücke","Penner",0.00694444444444444,NA
"3645","Brücke","springen",0.00694444444444444,NA
"3646","Brücke","Höhe",0.00694444444444444,NA
"3647","Brücke","Einsturz",0.00347222222222222,NA
"3648","Brücke","Bau",0.00347222222222222,NA
"3649","Brücke","Zahn",0.00347222222222222,NA
"3650","Brücke","Bauwerk",0.00347222222222222,NA
"3651","Brücke","Weg",0.00347222222222222,NA
"3652","Brücke","betteln",0.00347222222222222,NA
"3653","Brücke","London",0.00347222222222222,NA
"3654","Brücke","lang",0.00347222222222222,NA
"3655","Brücke","rennen",0.00347222222222222,NA
"3656","Brücke","Hilfe",0.00347222222222222,NA
"3657","Brücke","gebogen",0.00347222222222222,NA
"3658","Brücke","Hängebrücke",0.00347222222222222,NA
"3659","Brücke","zerstört",0.00347222222222222,NA
"3660","Brücke","einstürzen",0.00347222222222222,NA
"3661","Brücke","Bach",0.00347222222222222,NA
"3662","Brücke","Obdachlose",0.00347222222222222,NA
"3663","Brücke","schlafen",0.00347222222222222,NA
"3664","Brücke","Transport",0.00347222222222222,NA
"3665","Brücke","schlagen",0.00347222222222222,NA
"3666","Brücke","Wald",0.00347222222222222,NA
"3667","Brücke","Bismarck",0.00347222222222222,NA
"3668","Brücke","Altstadt",0.00347222222222222,NA
"3669","Brücke","Urwald",0.00347222222222222,NA
"3670","Brücke","Schlucht",0.00347222222222222,NA
"3671","Brücke","stabil",0.00347222222222222,NA
"3672","Brücke","Stahlbau",0.00347222222222222,NA
"3673","Brücke","Bahn",0.00347222222222222,NA
"3674","Brücke","Mund",0.00347222222222222,NA
"3675","Brücke","Tunnel",0.00347222222222222,NA
"3676","Brücke","Natur",0.00347222222222222,NA
"3677","Brücke","gemauert",0.00347222222222222,NA
"3678","Brücke","Zahnarzt",0.00347222222222222,NA
"3679","Brücke","Überführung",0.00347222222222222,NA
"3680","Brücke","Bungee",0.00347222222222222,NA
"3681","Brücke","gehen",0.00347222222222222,NA
"3682","Brücke","Statue",0.00347222222222222,NA
"3683","Brücke","Stahl",0.00347222222222222,NA
"3684","Brücke","Durchgang",0.00347222222222222,NA
"36851","Brücke","Selbstmord",0.00347222222222222,NA
"36861","Brücke","Dresden",0.00347222222222222,NA
"36871","Brücke","Festung",0.00347222222222222,NA
"36881","Brücke","fest",0.00347222222222222,NA
"36891","Brücke","Durchfahrt",0.00347222222222222,NA
"36901","Brücke","idyllisch",0.00347222222222222,NA
"36911","Brücke","wichtig",0.00347222222222222,NA
"36921","Brücke","bauen",0.00347222222222222,NA
"36931","Brücke","Ritter",0.00347222222222222,NA
"36941","Brücke","Bombe",0.00347222222222222,NA
"36951","Brücke","alt",0.00347222222222222,NA
"36961","Brücke","Schwan",0.00347222222222222,NA
"36971","Brücke","See",0.00347222222222222,0.00337837837837838
"36981","Brücke","Welle",0.00347222222222222,NA
"36991","Brücke","Versteck",0.00347222222222222,NA
"37001","Brücke","fahren",0.00347222222222222,NA
"37011","Brücke","Autobahnbrücke",0.00347222222222222,NA
