"","pair","participant","round","target","first_cue","fas_tcfirst","bas_tcfirst","first_response","fas_crfirst","bas_crfirst","second_cue","fas_tcsecond","bas_tcsecond","second_response","fas_crsecond","bas_crsecond","third_cue","fas_tcthird","bas_tcthird","third_response","fas_crthird","bas_crthird","fourth_cue","fas_tcfourth","bas_tcfourth","fourth_response","fas_crfourth","bas_crfourth","fifth_cue","fas_tcfifth","bas_tcfifth","fifth_response","fas_crfifth","bas_crfifth","condition","language","ideas_whatexperimentabout","comments","version","country","X"
"1","A",1,1,"bank","vault",0.02,0.257731959,"bank",0.257731959,0.02,"na",NA,NA,"na",NA,NA,NA,NA,NA,NA,NA,NA,NA,NA,NA,NA,NA,NA,NA,NA,NA,NA,NA,NA,"face","English","#poviding more difficult cues as quite similar on target list? --> influence although  role switch","#1st response ""pole"" because guesser forgot about target word list",1,"UK (Ireland)",NA
"2","A",2,2,"brewery","lager",NA,NA,"ale",0.021505376,0.010416667,"production",NA,NA,"brewery",NA,NA,NA,NA,NA,NA,NA,NA,NA,NA,NA,NA,NA,NA,NA,NA,NA,NA,NA,NA,"face","English","#so not solely about associations of words","#forgot to start recording, only started from second cue word of second trial",1,"UK (England)",NA
"3","A",1,3,"sill","window",0.857142857,0.08,"pane",0.17,0.691489362,"ledge",NA,"0.043956044","sill","0.043956044",NA,NA,NA,NA,NA,NA,NA,NA,NA,NA,NA,NA,NA,NA,NA,NA,NA,NA,NA,"face","English","#about time(ing)?","#for second trial, camera was accidentally for both on",1,NA,NA
"4","A",2,4,"cob","corn",0.855670103,0.171717172,"maize",0.02020202,0.827956989,"web","0.030927835",NA,"cob",NA,"0.030927835",NA,NA,NA,NA,NA,NA,NA,NA,NA,NA,NA,NA,NA,NA,NA,NA,NA,NA,"face","English",NA,NA,1,NA,NA
"5","A",1,5,"retina","eye",0.838383838,NA,"iris",0.04,0.546391753,"back",NA,NA,"retina",NA,NA,NA,NA,NA,NA,NA,NA,NA,NA,NA,NA,NA,NA,NA,NA,NA,NA,NA,NA,"face","English",NA,"#back not directly related to target word",1,NA,NA
"6","A",2,6,"loaf","sourdough",NA,NA,"yeast",NA,NA,"meat","0.06",NA,"loaf",NA,"0.06",NA,NA,NA,NA,NA,NA,NA,NA,NA,NA,NA,NA,NA,NA,NA,NA,NA,NA,"face","English",NA,NA,1,NA,NA
"7","A",1,7,"grater","cheese",0.804347826,NA,"fondue",NA,0.618556701,"shredder","0.010869565",NA,"grater",NA,"0.010869565",NA,NA,NA,NA,NA,NA,NA,NA,NA,NA,NA,NA,NA,NA,NA,NA,NA,NA,"face","English",NA,NA,1,NA,NA
"8","A",2,8,"yolk","egg",0.806451613,0.12,"omelette",0.01,NA,"runny",NA,"0.010309278","yolk","0.010309278",NA,NA,NA,NA,NA,NA,NA,NA,NA,NA,NA,NA,NA,NA,NA,NA,NA,NA,NA,"face","English",NA,NA,1,NA,NA
"9","A",1,9,"steed","stallion",0.011111111,NA,"steed",NA,0.011111111,"na",NA,NA,"na",NA,NA,NA,NA,NA,NA,NA,NA,NA,NA,NA,NA,NA,NA,NA,NA,NA,NA,NA,NA,"face","English",NA,NA,1,NA,NA
"10","A",2,10,"cod","battered",NA,NA,"cod",NA,NA,"na",NA,NA,"na",NA,NA,NA,NA,NA,NA,NA,NA,NA,NA,NA,NA,NA,NA,NA,NA,NA,NA,NA,NA,"face","English",NA,NA,1,NA,NA
"11","A",1,11,"pepperoni","feta",NA,NA,"pepperoni",NA,NA,"na",NA,NA,"na",NA,NA,NA,NA,NA,NA,NA,NA,NA,NA,NA,NA,NA,NA,NA,NA,NA,NA,NA,NA,"face","English",NA,NA,1,NA,NA
"12","A",2,12,"crossword","friptick",NA,NA,"crossword",NA,NA,"na",NA,NA,"na",NA,NA,NA,NA,NA,NA,NA,NA,NA,NA,NA,NA,NA,NA,NA,NA,NA,NA,NA,NA,"face","English",NA,NA,1,NA,NA
"13","A",1,13,"blaze","inferno",NA,0.020618557,"blaze",0.020618557,NA,"na",NA,NA,"na",NA,NA,NA,NA,NA,NA,NA,NA,NA,NA,NA,NA,NA,NA,NA,NA,NA,NA,NA,NA,"face","English",NA,NA,1,NA,NA
"14","A",2,14,"affection","care",0.01010101,0.020408163,"affection",0.020408163,0.01010101,"na",NA,NA,"na",NA,NA,NA,NA,NA,NA,NA,NA,NA,NA,NA,NA,NA,NA,NA,NA,NA,NA,NA,NA,"face","English",NA,NA,1,NA,NA
"15","A",1,15,"crescent","Islam",NA,NA,"crescent",NA,NA,"na",NA,NA,"na",NA,NA,NA,NA,NA,NA,NA,NA,NA,NA,NA,NA,NA,NA,NA,NA,NA,NA,NA,NA,"face","English",NA,NA,1,NA,NA
"16","A",2,16,"occupation","business",NA,0.02,"vocation",NA,NA,"job","0.686868687","0.020408163","career","0.040816327","0.56","work","0.121212121",NA,"occupation",NA,"0.121212121",NA,NA,NA,NA,NA,NA,NA,NA,NA,NA,NA,NA,"face","English",NA,"#before the 3rd cue signaller mumble sth like ""What are other synonyms"" - so correct guess could be affected by that after third cue!",1,NA,NA
"17","A",1,17,"bouquet","wedding",0.02,NA,"bouquet",NA,0.02,"na",NA,NA,"na",NA,NA,"na",NA,NA,"na",NA,NA,NA,NA,NA,NA,NA,NA,NA,NA,NA,NA,NA,NA,"face","English",NA,NA,1,NA,NA
"18","A",2,18,"acquaintance","casual",0.030927835,0.02,"acquaintance",0.02,0.030927835,"na",NA,NA,"na",NA,NA,"na",NA,NA,"na",NA,NA,NA,NA,NA,NA,NA,NA,NA,NA,NA,NA,NA,NA,"face","English",NA,NA,1,NA,NA
"19","A",1,19,"bulb","flower",0.071428571,0.02,"bulb",0.02,0.071428571,"na",NA,NA,"na",NA,NA,"na",NA,NA,"na",NA,NA,NA,NA,NA,NA,NA,NA,NA,NA,NA,NA,NA,NA,"face","English",NA,NA,1,NA,NA
"20","A",2,20,"butcher","cleaver",0.03,NA,"veal",NA,NA,"mince",NA,NA,"meat","0.340206186",NA,"counter",NA,NA,"butcher",NA,NA,NA,NA,NA,NA,NA,NA,NA,NA,NA,NA,NA,NA,"face","English",NA,"#guesser understood ""favour"" instead Ob ""cleaver"" as  the 1st cue for butcher",1,NA,NA
"21","B",3,1,"bank","money",0.4,NA,"cash",0.26,0.74,"transaction",NA,"0.14","bank","0.14",NA,"na",NA,NA,"na",NA,NA,NA,NA,NA,NA,NA,NA,NA,NA,NA,NA,NA,NA,"non-face","English","#correlation to words",NA,1,"Asis","bilingual (Chinese/English)"
"22","B",4,2,"brewery","whiskey",NA,NA,"keg",NA,NA,"manufactual",NA,NA,"brewery",NA,NA,"na",NA,NA,"na",NA,NA,NA,NA,NA,NA,NA,NA,NA,NA,NA,NA,NA,NA,"non-face","English","#how accurate cues are(/more than right number of a cue??)",NA,1,"India",NA
"23","B",3,3,"sill","window",0.857142857,0.08,"pane",0.17,0.691489362,"edge",NA,NA,"sill",NA,NA,"na",NA,NA,"na",NA,NA,NA,NA,NA,NA,NA,NA,NA,NA,NA,NA,NA,NA,"non-face","English",NA,NA,1,NA,NA
"24","B",4,4,"cob","corn",0.855670103,0.171717172,"cob",0.171717172,0.855670103,"na",NA,NA,"na",NA,NA,"na",NA,NA,"na",NA,NA,NA,NA,NA,NA,NA,NA,NA,NA,NA,NA,NA,NA,"non-face","English",NA,NA,1,NA,NA
"25","B",3,5,"retina","eye",0.838383838,NA,"brow",0.01,0.46875,"lens",NA,NA,"retina",NA,NA,"na",NA,NA,"na",NA,NA,NA,NA,NA,NA,NA,NA,NA,NA,NA,NA,NA,NA,"non-face","English",NA,"#signaller mixed up rounds: so signaller said ""cheese"" - answer was ""brow"" and as a second cue signaller said ""kitchen"", I interrupted",1,NA,NA
"26","B",4,6,"loaf","bread",0.82,0.05,"crumb",NA,0.53125,"glube",NA,NA,"yeast",NA,NA,"large",NA,NA,"loaf",NA,NA,NA,NA,NA,NA,NA,NA,NA,NA,NA,NA,NA,NA,"non-face","English",NA,NA,1,NA,NA
"27","B",3,7,"grater","cheese",0.804347826,NA,"cheddar",NA,NA,"kitchen","0.010869565",NA,"grater",NA,"0.010869565","na",NA,NA,"na",NA,NA,NA,NA,NA,NA,NA,NA,NA,NA,NA,NA,NA,NA,"non-face","English",NA,NA,1,NA,NA
"28","B",4,8,"yolk","yellow",0.021505376,NA,"yolk",NA,0.021505376,"na",NA,NA,"na",NA,NA,"na",NA,NA,"na",NA,NA,NA,NA,NA,NA,NA,NA,NA,NA,NA,NA,NA,NA,"non-face","English",NA,NA,1,NA,NA
"29","B",3,9,"steed","horse",0.8,0.01,"stallion",NA,0.787878788,"sit",NA,NA,"steed",NA,NA,"na",NA,NA,"na",NA,NA,NA,NA,NA,NA,NA,NA,NA,NA,NA,NA,NA,NA,"non-face","English",NA,NA,1,NA,NA
"30","B",4,10,"cod","fish",0.789473684,0.01,"aquarium",0.01,0.72,"fried",NA,NA,"salmon",NA,NA,"breaded",NA,NA,"cod",NA,NA,NA,NA,NA,NA,NA,NA,NA,NA,NA,NA,NA,NA,"non-face","English",NA,NA,1,NA,NA
"31","B",3,11,"pepperoni","pizza",0.747474747,0.09,"pepperoni",0.09,0.747474747,"na",NA,NA,"na",NA,NA,"na",NA,NA,"na",NA,NA,NA,NA,NA,NA,NA,NA,NA,NA,NA,NA,NA,NA,"non-face","English",NA,NA,1,NA,NA
"32","B",4,12,"crossword","newspaper",0.03030303,NA,"crossword",NA,0.03030303,"na",NA,NA,"na",NA,NA,"na",NA,NA,"na",NA,NA,NA,NA,NA,NA,NA,NA,NA,NA,NA,NA,NA,NA,"non-face","English",NA,NA,1,NA,NA
"33","B",3,13,"blaze","fire",0.723404255,0.01,"flare",NA,0.275510204,"bright",NA,NA,"blaze",NA,NA,"na",NA,NA,"na",NA,NA,NA,NA,NA,NA,NA,NA,NA,NA,NA,NA,NA,NA,"non-face","English",NA,NA,1,NA,NA
"34","B",4,14,"affection","confession",NA,NA,"affection",NA,NA,"na",NA,NA,"na",NA,NA,"na",NA,NA,"na",NA,NA,NA,NA,NA,NA,NA,NA,NA,NA,NA,NA,NA,NA,"non-face","English",NA,NA,1,NA,NA
"35","B",3,15,"crescent","moon",0.708333333,0.02020202,"crescent",0.02020202,0.708333333,"na",NA,NA,"na",NA,NA,"na",NA,NA,"na",NA,NA,NA,NA,NA,NA,NA,NA,NA,NA,NA,NA,NA,NA,"non-face","English",NA,NA,1,NA,NA
"36","B",4,16,"occupation","job",0.686868687,0.020408163,"occupation",0.020408163,0.686868687,"na",NA,NA,"na",NA,NA,"na",NA,NA,"na",NA,NA,NA,NA,NA,NA,NA,NA,NA,NA,NA,NA,NA,NA,"non-face","English",NA,NA,1,NA,NA
"37","B",3,17,"bouquet","flowers",0.69,0.08,"petals",0.02,0.226804124,"graduations",NA,NA,"bouquet",NA,NA,"na",NA,NA,"na",NA,NA,NA,NA,NA,NA,NA,NA,NA,NA,NA,NA,NA,NA,"non-face","English",NA,NA,1,NA,NA
"38","B",4,18,"acquaintance","co-worker",0.010309278,NA,"acquaintance",NA,0.010309278,"na",NA,NA,"na",NA,NA,"na",NA,NA,"na",NA,NA,NA,NA,NA,NA,NA,NA,NA,NA,NA,NA,NA,NA,"non-face","English",NA,NA,1,NA,NA
"39","B",3,19,"bulb","light",0.683673469,0.08,"lantern",NA,0.525773196,"lamp","0.030612245","0.02020202","bulb","0.02020202","0.030612245","na",NA,NA,"na",NA,NA,NA,NA,NA,NA,NA,NA,NA,NA,NA,NA,NA,NA,"non-face","English",NA,NA,1,NA,NA
"40","B",4,20,"butcher","meat",0.53,0.01010101,"butcher",0.01010101,0.53,"na",NA,NA,"na",NA,NA,"na",NA,NA,"na",NA,NA,NA,NA,NA,NA,NA,NA,NA,NA,NA,NA,NA,NA,"non-face","English",NA,NA,1,NA,NA
"41","C",5,1,"pepperoni","pizza",0.747474747,0.09,"pepperoni",0.09,0.747474747,NA,NA,NA,NA,NA,NA,NA,NA,NA,NA,NA,NA,NA,NA,NA,NA,NA,NA,NA,NA,NA,NA,NA,NA,"face","English","#word associations","#1st response ""Italian"" becuase forgot about list",2,"UK?",NA
"42","C",6,2,"crescent","moon",0.708333333,0.02020202,"crescent",0.02020202,0.708333333,NA,NA,NA,NA,NA,NA,NA,NA,NA,NA,NA,NA,NA,NA,NA,NA,NA,NA,NA,NA,NA,NA,NA,NA,"face","English",NA,NA,2,"USA",NA
"43","C",5,3,"yolk","egg",0.806451613,0.12,"yolk",0.12,0.806451613,NA,NA,NA,NA,NA,NA,NA,NA,NA,NA,NA,NA,NA,NA,NA,NA,NA,NA,NA,NA,NA,NA,NA,NA,"face","English",NA,NA,2,NA,NA
"44","C",6,4,"retina","eyeball",0.04040404,0.02020202,"iris",0.04040404,NA,"cornier",NA,NA,"retina",NA,NA,NA,NA,NA,NA,NA,NA,NA,NA,NA,NA,NA,NA,NA,NA,NA,NA,NA,NA,"face","English",NA,"#cornier probably related to previous response",2,NA,NA
"45","C",5,5,"bouquet","flowers",0.69,0.08,"bouquet",0.08,0.69,NA,NA,NA,NA,NA,NA,NA,NA,NA,NA,NA,NA,NA,NA,NA,NA,NA,NA,NA,NA,NA,NA,NA,NA,"face","English",NA,NA,2,NA,NA
"46","C",6,6,"loaf","bread",0.82,0.05,"loaf",0.05,0.82,NA,NA,NA,NA,NA,NA,NA,NA,NA,NA,NA,NA,NA,NA,NA,NA,NA,NA,NA,NA,NA,NA,NA,NA,"face","English",NA,NA,2,NA,NA
"47","C",5,7,"blaze","fire",0.723404255,0.01,"blaze",0.01,0.723404255,NA,NA,NA,NA,NA,NA,NA,NA,NA,NA,NA,NA,NA,NA,NA,NA,NA,NA,NA,NA,NA,NA,NA,NA,"face","English",NA,NA,2,NA,NA
"48","C",6,8,"sill","window",0.857142857,0.08,"pane",0.17,0.691489362,"edge",NA,NA,"sill",NA,NA,NA,NA,NA,NA,NA,NA,NA,NA,NA,NA,NA,NA,NA,NA,NA,NA,NA,NA,"face","English",NA,NA,2,NA,NA
"49","C",5,9,"acquaintance","friend",0.680412371,0.02,"acquaintance",0.02,0.680412371,NA,NA,NA,NA,NA,NA,NA,NA,NA,NA,NA,NA,NA,NA,NA,NA,NA,NA,NA,NA,NA,NA,NA,NA,"face","English",NA,NA,2,NA,NA
"50","C",6,10,"bank","money",0.4,NA,"cash",0.26,0.74,"robber","0.04","0.12244898","bank","0.12244898","0.04",NA,NA,NA,NA,NA,NA,NA,NA,NA,NA,NA,NA,NA,NA,NA,NA,NA,NA,"face","English",NA,NA,2,NA,NA
"51","C",5,11,"bulb","lamp",0.030612245,0.02020202,"bulb",0.02020202,0.030612245,NA,NA,NA,NA,NA,NA,NA,NA,NA,NA,NA,NA,NA,NA,NA,NA,NA,NA,NA,NA,NA,NA,NA,NA,"face","English",NA,"#""lamp"" on target list",2,NA,NA
"52","C",6,12,"brewery","beer",0.858585859,NA,"keg",NA,0.757894737,"yeast",NA,NA,"brewery",NA,NA,NA,NA,NA,NA,NA,NA,NA,NA,NA,NA,NA,NA,NA,NA,NA,NA,NA,NA,"face","English",NA,NA,2,NA,NA
"53","C",5,13,"occupation","job",0.686868687,0.020408163,"occupation",0.020408163,0.686868687,NA,NA,NA,NA,NA,NA,NA,NA,NA,NA,NA,NA,NA,NA,NA,NA,NA,NA,NA,NA,NA,NA,NA,NA,"face","English",NA,NA,2,NA,NA
"54","C",6,14,"cob","corn",0.855670103,0.171717172,"kernel",NA,0.397849462,"small",NA,NA,"maize",NA,NA,"shoes",NA,NA,"cob",NA,NA,NA,NA,NA,NA,NA,NA,NA,NA,NA,NA,NA,NA,"face","English",NA,NA,2,NA,NA
"55","C",5,15,"cod","cape",0.021052632,0.153061224,"cod",0.153061224,0.021052632,NA,NA,NA,NA,NA,NA,NA,NA,NA,NA,NA,NA,NA,NA,NA,NA,NA,NA,NA,NA,NA,NA,NA,NA,"face","English",NA,NA,2,NA,NA
"56","C",6,16,"butcher","meats",NA,NA,"butcher",NA,NA,NA,NA,NA,NA,NA,NA,NA,NA,NA,NA,NA,NA,NA,NA,NA,NA,NA,NA,NA,NA,NA,NA,NA,NA,"face","English",NA,NA,2,NA,NA
"57","C",5,17,"affection","love",0.717171717,0.02,"affection",0.02,0.717171717,NA,NA,NA,NA,NA,NA,NA,NA,NA,NA,NA,NA,NA,NA,NA,NA,NA,NA,NA,NA,NA,NA,NA,NA,"face","English",NA,NA,2,NA,NA
"58","C",6,18,"steed","horse",0.8,0.01,"foal",NA,0.547368421,"transportation",NA,NA,"steed",NA,NA,"na",NA,NA,NA,NA,NA,NA,NA,NA,NA,NA,NA,NA,NA,NA,NA,NA,NA,"face","English",NA,NA,2,NA,NA
"59","C",5,19,"crossword","puzzle",0.727272727,0.092783505,"jigsaw",0.113402062,0.785714286,"clues","0.01010101",NA,"riddle","0.01010101",NA,"writing",NA,NA,"crossword",NA,NA,NA,NA,NA,NA,NA,NA,NA,NA,NA,NA,NA,NA,"face","English",NA,NA,2,NA,NA
"60","C",6,20,"grater","cheese",0.804347826,NA,"cheddar",NA,NA,"nutmeg",NA,NA,"grater",NA,NA,NA,NA,NA,NA,NA,NA,NA,NA,NA,NA,NA,NA,NA,NA,NA,NA,NA,NA,"face","English",NA,NA,2,NA,NA
"61","D",7,1,"pepperoni","salami",0.04040404,NA,"pepperoni",NA,0.04040404,NA,NA,NA,NA,NA,NA,NA,NA,NA,NA,NA,NA,NA,NA,NA,NA,NA,NA,NA,NA,NA,NA,NA,NA,"non-face","English",NA,NA,2,"UK(England)",NA
"62","D",8,2,"crescent","moon",0.708333333,0.02020202,"crescent",0.02020202,0.708333333,NA,NA,NA,NA,NA,NA,NA,NA,NA,NA,NA,NA,NA,NA,NA,NA,NA,NA,NA,NA,NA,NA,NA,NA,"non-face","English",NA,NA,2,"India",NA
"63","D",7,3,"yolk","egg",0.806451613,0.12,"omelette",0.01,NA,"yellow","0.021505376",NA,"yolk",NA,"0.021505376",NA,NA,NA,NA,NA,NA,NA,NA,NA,NA,NA,NA,NA,NA,NA,NA,NA,NA,"non-face","English",NA,NA,2,NA,NA
"64","D",8,4,"retina","eye",0.838383838,NA,"pupil",0.01,0.323232323,"lens",NA,NA,"retina",NA,NA,NA,NA,NA,NA,NA,NA,NA,NA,NA,NA,NA,NA,NA,NA,NA,NA,NA,NA,"non-face","English",NA,NA,2,NA,NA
"65","D",7,5,"bouquet","flower",0.16,NA,"roses",NA,0.11,"arrangement",NA,NA,"bouquet",NA,NA,NA,NA,NA,NA,NA,NA,NA,NA,NA,NA,NA,NA,NA,NA,NA,NA,NA,NA,"non-face","English",NA,NA,2,NA,NA
"66","D",8,6,"loaf","bread",0.82,0.05,"loaf",0.05,0.82,NA,NA,NA,NA,NA,NA,NA,NA,NA,NA,NA,NA,NA,NA,NA,NA,NA,NA,NA,NA,NA,NA,NA,NA,"non-face","English",NA,NA,2,NA,NA
"67","D",7,7,"blaze","fire",0.723404255,0.01,"combustion",NA,0.343434343,"wildfire","0.010638298",NA,"blaze",NA,"0.010638298",NA,NA,NA,NA,NA,NA,NA,NA,NA,NA,NA,NA,NA,NA,NA,NA,NA,NA,"non-face","English",NA,NA,2,NA,NA
"68","D",8,8,"sill","window",0.857142857,0.08,"glass",0.17,0.05,"frame",NA,NA,"sill",NA,NA,NA,NA,NA,NA,NA,NA,NA,NA,NA,NA,NA,NA,NA,NA,NA,NA,NA,NA,"non-face","English",NA,NA,2,NA,NA
"69","D",7,9,"acquaintance","friend",0.680412371,0.02,"acquaintance",0.02,0.680412371,NA,NA,NA,NA,NA,NA,NA,NA,NA,NA,NA,NA,NA,NA,NA,NA,NA,NA,NA,NA,NA,NA,NA,NA,"non-face","English",NA,NA,2,NA,NA
"70","D",8,10,"bank","money",0.4,NA,"cash",0.26,0.74,"building",NA,NA,"bank",NA,NA,NA,NA,NA,NA,NA,NA,NA,NA,NA,NA,NA,NA,NA,NA,NA,NA,NA,NA,"non-face","English",NA,NA,2,NA,NA
"71","D",7,11,"bulb","light",0.683673469,0.08,"illumination",0.01,0.520408163,"electric","0.010204082",NA,"bulb",NA,"0.010204082",NA,NA,NA,NA,NA,NA,NA,NA,NA,NA,NA,NA,NA,NA,NA,NA,NA,NA,"non-face","English",NA,NA,2,NA,NA
"72","D",8,12,"brewery","beer",0.858585859,NA,"brewery",NA,0.858585859,NA,NA,NA,NA,NA,NA,NA,NA,NA,NA,NA,NA,NA,NA,NA,NA,NA,NA,NA,NA,NA,NA,NA,NA,"non-face","English",NA,NA,2,NA,NA
"73","D",7,13,"occupation","job",0.686868687,0.020408163,"work",0.408163265,0.090909091,"work","0.121212121",NA,"occupation",NA,"0.121212121",NA,NA,NA,NA,NA,NA,NA,NA,NA,NA,NA,NA,NA,NA,NA,NA,NA,NA,"non-face","English",NA,"#sig accidentally provided response ""work"" also as a cue and then it was correct",2,NA,NA
"74","D",8,14,"cob","corn",0.855670103,0.171717172,"kernel",NA,0.397849462,"on",NA,NA,"husk",NA,NA,"long",NA,NA,"cob",NA,NA,NA,NA,NA,NA,NA,NA,NA,NA,NA,NA,NA,NA,"non-face","English",NA,NA,2,NA,NA
"75","D",7,15,"cod","fish",0.789473684,0.01,"salmon",0.03,0.755102041,"white fish",NA,NA,"cod",NA,NA,NA,NA,NA,NA,NA,NA,NA,NA,NA,NA,NA,NA,NA,NA,NA,NA,NA,NA,"non-face","English",NA,NA,2,NA,NA
"76","D",8,16,"butcher","cutter",NA,NA,"butcher",NA,NA,NA,NA,NA,NA,NA,NA,NA,NA,NA,NA,NA,NA,NA,NA,NA,NA,NA,NA,NA,NA,NA,NA,NA,NA,"non-face","English",NA,NA,2,NA,NA
"77","D",7,17,"affection","love",0.717171717,0.02,"affection",0.02,0.717171717,NA,NA,NA,NA,NA,NA,NA,NA,NA,NA,NA,NA,NA,NA,NA,NA,NA,NA,NA,NA,NA,NA,NA,NA,"non-face","English",NA,NA,2,NA,NA
"78","D",8,18,"steed","mighty",NA,NA,"steed",NA,NA,NA,NA,NA,NA,NA,NA,NA,NA,NA,NA,NA,NA,NA,NA,NA,NA,NA,NA,NA,NA,NA,NA,NA,NA,"non-face","English",NA,NA,2,NA,NA
"79","D",7,19,"crossword","cryptic",0.01010101,NA,"conundrum",NA,NA,"word puzzle",NA,NA,"riddle",NA,NA,"grid",NA,NA,"crossword",NA,NA,NA,NA,NA,NA,NA,NA,NA,NA,NA,NA,NA,NA,"non-face","English",NA,NA,2,NA,NA
"80","D",8,20,"grater","cheese",0.804347826,NA,"grater",NA,0.804347826,NA,NA,NA,NA,NA,NA,NA,NA,NA,NA,NA,NA,NA,NA,NA,NA,NA,NA,NA,NA,NA,NA,NA,NA,"non-face","English",NA,NA,2,NA,NA
"81","E",9,1,"pepperoni","salami",0.04040404,NA,"pepperoni",NA,0.04040404,NA,NA,NA,NA,NA,NA,NA,NA,NA,NA,NA,NA,NA,NA,NA,NA,NA,NA,NA,NA,NA,NA,NA,NA,"face","English","word cloud and predictions; if we can formulate  compound words; assocaitions",NA,2,"UK",NA
"82","E",10,2,"crescent","moon",0.708333333,0.02020202,"sun",0.222222222,0.23,"street","0.020833333",NA,"crescent",NA,"0.020833333",NA,NA,NA,NA,NA,NA,NA,NA,NA,NA,NA,NA,NA,NA,NA,NA,NA,NA,"face","English",NA,NA,2,"UK",NA
"83","E",9,3,"yolk","egg",0.806451613,0.12,"nog",0.12,0.670588235,"yellow","0.021505376",NA,"yolk",NA,"0.021505376",NA,NA,NA,NA,NA,NA,NA,NA,NA,NA,NA,NA,NA,NA,NA,NA,NA,NA,"face","English",NA,NA,2,NA,NA
"84","E",10,4,"retina","eye",0.838383838,NA,"brow",0.01,0.46875,"optical",NA,"0.010204082","pupil",NA,NA,"sight",NA,NA,"retina",NA,NA,NA,NA,NA,NA,NA,NA,NA,NA,NA,NA,NA,NA,"face","English",NA,NA,2,NA,NA
"85","E",9,5,"bouquet","flowers",0.69,0.08,"roses",0.07,0.19,"bunch",NA,NA,"bouquet",NA,NA,NA,NA,NA,NA,NA,NA,NA,NA,NA,NA,NA,NA,NA,NA,NA,NA,NA,NA,"face","English",NA,NA,2,NA,NA
"86","E",10,6,"loaf","bread",0.82,0.05,"baguette",NA,0.443298969,"sugar",NA,NA,"yeast",NA,NA,"baking",NA,NA,"bakery",NA,NA,"banana",NA,NA,"loaf",NA,NA,NA,NA,NA,NA,NA,NA,"face","English",NA,NA,2,NA,NA
"87","E",9,7,"blaze","fire",0.723404255,0.01,"combustion",NA,0.343434343,"uncontrolled",NA,NA,"blaze",NA,NA,NA,NA,NA,NA,NA,NA,NA,NA,NA,NA,NA,NA,NA,NA,NA,NA,NA,NA,"face","English",NA,NA,2,NA,NA
"88","E",10,8,"sill","na",NA,NA,"na",NA,NA,"na",NA,NA,"na",NA,NA,NA,NA,NA,NA,NA,NA,NA,NA,NA,NA,NA,NA,NA,NA,NA,NA,NA,NA,"face","English",NA,"sig acc. Said target word out loud, so need to discard trial",2,NA,NA
"89","E",9,9,"acquaintance","unfamiliar",NA,NA,"acquaintance",NA,NA,NA,NA,NA,NA,NA,NA,NA,NA,NA,NA,NA,NA,NA,NA,NA,NA,NA,NA,NA,NA,NA,NA,NA,NA,"face","English",NA,NA,2,NA,NA
"90","E",10,10,"bank","heist",NA,0.086021505,"bank",0.086021505,NA,NA,NA,NA,NA,NA,NA,NA,NA,NA,NA,NA,NA,NA,NA,NA,NA,NA,NA,NA,NA,NA,NA,NA,NA,"face","English",NA,NA,2,NA,NA
"91","E",9,11,"bulb","leish",NA,NA,"bulb",NA,NA,NA,NA,NA,NA,NA,NA,NA,NA,NA,NA,NA,NA,NA,NA,NA,NA,NA,NA,NA,NA,NA,NA,NA,NA,"face","English",NA,NA,2,NA,NA
"92","E",10,12,"brewery","beer",0.858585859,NA,"six pack",NA,0.393939394,"yeast",NA,NA,"brewery",NA,NA,NA,NA,NA,NA,NA,NA,NA,NA,NA,NA,NA,NA,NA,NA,NA,NA,NA,NA,"face","English",NA,NA,2,NA,NA
"93","E",9,13,"occupation","position",NA,NA,"occupation",NA,NA,NA,NA,NA,NA,NA,NA,NA,NA,NA,NA,NA,NA,NA,NA,NA,NA,NA,NA,NA,NA,NA,NA,NA,NA,"face","English",NA,NA,2,NA,NA
"94","E",10,14,"cob","corn",0.855670103,0.171717172,"cob",0.171717172,0.855670103,NA,NA,NA,NA,NA,NA,NA,NA,NA,NA,NA,NA,NA,NA,NA,NA,NA,NA,NA,NA,NA,NA,NA,NA,"face","English",NA,NA,2,NA,NA
"95","E",9,15,"cod","deepfried",NA,NA,"cod",NA,NA,NA,NA,NA,NA,NA,NA,NA,NA,NA,NA,NA,NA,NA,NA,NA,NA,NA,NA,NA,NA,NA,NA,NA,NA,"face","English",NA,NA,2,NA,NA
"96","E",10,16,"butcher","abattoir",0.01,NA,"veal",NA,NA,"meat","0.53","0.01010101","steak","0.080808081","0.33","business",NA,NA,"butcher",NA,NA,NA,NA,NA,NA,NA,NA,NA,NA,NA,NA,NA,NA,"face","English",NA,NA,2,NA,NA
"97","E",9,17,"affection","gestures",NA,NA,"affection",NA,NA,NA,NA,NA,NA,NA,NA,NA,NA,NA,NA,NA,NA,NA,NA,NA,NA,NA,NA,NA,NA,NA,NA,NA,NA,"face","English",NA,"#wrong round, 19; guesser already knew it's not adoration",2,NA,NA
"98","E",10,18,"steed","noble",0.033333333,0.02,"steed",0.02,0.033333333,NA,NA,NA,NA,NA,NA,NA,NA,NA,NA,NA,NA,NA,NA,NA,NA,NA,NA,NA,NA,NA,NA,NA,NA,"face","English",NA,NA,2,NA,NA
"99","E",9,19,"crossword","cross",NA,NA,"crossword",NA,NA,NA,NA,NA,NA,NA,NA,NA,NA,NA,NA,NA,NA,NA,NA,NA,NA,NA,NA,NA,NA,NA,NA,NA,NA,"face","English",NA,"#sig. Repeated words from 17, #cross as cue is part of the target word.",2,NA,NA
"100","E",10,20,"grater","cheese",0.804347826,NA,"grater",NA,0.804347826,NA,NA,NA,NA,NA,NA,NA,NA,NA,NA,NA,NA,NA,NA,NA,NA,NA,NA,NA,NA,NA,NA,NA,NA,"face","English",NA,NA,2,NA,NA
"101","F",11,1,"blaze","fire",0.723404255,0.01,"blaze",0.01,0.723404255,NA,NA,NA,NA,NA,NA,NA,NA,NA,NA,NA,NA,NA,NA,NA,NA,NA,NA,NA,NA,NA,NA,NA,NA,"face","English","word associations, how certain words associated with other words/which word associated first/connection certain words with mental image (why this and not that..)",NA,3,"South Africa",NA
"102","F",12,2,"bank","money",0.4,NA,"cash",0.26,0.74,"savings","0.01","0.181818182","finances",NA,"0.01","building",NA,NA,"bank",NA,NA,NA,NA,NA,NA,NA,NA,NA,NA,NA,NA,NA,NA,"face","English",NA,NA,3,"India",NA
"103","F",11,3,"loaf","bread",0.82,0.05,"loaf",0.05,0.82,NA,NA,NA,NA,NA,NA,NA,NA,NA,NA,NA,NA,NA,NA,NA,NA,NA,NA,NA,NA,NA,NA,NA,NA,"face","English",NA,NA,3,NA,NA
"104","F",12,4,"yolk","egg",0.806451613,0.12,"yolk",0.12,0.806451613,NA,NA,NA,NA,NA,NA,NA,NA,NA,NA,NA,NA,NA,NA,NA,NA,NA,NA,NA,NA,NA,NA,NA,NA,"face","English",NA,NA,3,NA,NA
"105","F",11,5,"occupation","job",0.686868687,0.020408163,"work",0.408163265,0.090909091,"profession",NA,"0.03030303","career","0.080808081","0.03","vocation","0.01010101",NA,"occupation",NA,"0.01010101",NA,NA,NA,NA,NA,NA,NA,NA,NA,NA,NA,NA,"face","English",NA,NA,3,NA,NA
"106","F",12,6,"cod","fish",0.789473684,0.01,"salmon",0.03,0.755102041,"dinner",NA,NA,"sushi",NA,NA,"big",NA,NA,"cod",NA,NA,NA,NA,NA,NA,NA,NA,NA,NA,NA,NA,NA,NA,"face","English",NA,NA,3,NA,NA
"107","F",11,7,"steed ","horse",NA,NA,"stallion",NA,0.787878788,"riding",NA,NA,"steed",NA,NA,NA,NA,NA,NA,NA,NA,NA,NA,NA,NA,NA,NA,NA,NA,NA,NA,NA,NA,"face","English",NA,NA,3,NA,NA
"108","F",12,8,"retina","eyeball",0.04040404,0.02020202,"pupil",0.03030303,NA,"sensitive",NA,NA,"retina",NA,NA,NA,NA,NA,NA,NA,NA,NA,NA,NA,NA,NA,NA,NA,NA,NA,NA,NA,NA,"face","English",NA,NA,3,NA,NA
"109","F",11,9,"pepperoni","sausage",0.070707071,NA,"pepperoni",NA,0.070707071,NA,NA,NA,NA,NA,NA,NA,NA,NA,NA,NA,NA,NA,NA,NA,NA,NA,NA,NA,NA,NA,NA,NA,NA,"face","English",NA,NA,3,NA,NA
"110","F",12,10,"sill","window",0.857142857,0.08,"shelf",NA,NA,"pane",NA,NA,"sill",NA,NA,NA,NA,NA,NA,NA,NA,NA,NA,NA,NA,NA,NA,NA,NA,NA,NA,NA,NA,"face","English",NA,NA,3,NA,NA
"111","F",11,11,"butcher","meat",0.53,0.01010101,"steak",0.080808081,0.33,"shop",NA,NA,"butcher",NA,NA,NA,NA,NA,NA,NA,NA,NA,NA,NA,NA,NA,NA,NA,NA,NA,NA,NA,NA,"face","English",NA,NA,3,NA,NA
"112","F",12,12,"grater","cheese",0.804347826,NA,"cheddar",NA,NA,"shredding, but grter shredder is .01!",NA,NA,"grater",NA,NA,NA,NA,NA,NA,NA,NA,NA,NA,NA,NA,NA,NA,NA,NA,NA,NA,NA,NA,"face","English",NA,NA,3,NA,NA
"113","F",11,13,"acquaintance","friend",0.680412371,0.02,"buddy",0.09,0.571428571,"associate",NA,"0.01010101","acquaintance","0.01010101",NA,NA,NA,NA,NA,NA,NA,NA,NA,NA,NA,NA,NA,NA,NA,NA,NA,NA,NA,"face","English",NA,NA,3,NA,NA
"114","F",12,14,"crescent","moon",0.708333333,0.02020202,"crescent",0.02020202,0.708333333,NA,NA,NA,NA,NA,NA,NA,NA,NA,NA,NA,NA,NA,NA,NA,NA,NA,NA,NA,NA,NA,NA,NA,NA,"face","English",NA,NA,3,NA,NA
"115","F",11,15,"bulb","light",0.683673469,0.08,"lamp",0.02,0.656565657,"spherical",NA,NA,"bulb",NA,NA,NA,NA,NA,NA,NA,NA,NA,NA,NA,NA,NA,NA,NA,NA,NA,NA,NA,NA,"face","English",NA,NA,3,NA,NA
"116","F",12,16,"bouquet","flowers",0.69,0.08,"bouquet",0.08,0.69,NA,NA,NA,NA,NA,NA,NA,NA,NA,NA,NA,NA,NA,NA,NA,NA,NA,NA,NA,NA,NA,NA,NA,NA,"face","English",NA,NA,3,NA,NA
"117","F",11,17,"crossword","puzzle",0.727272727,0.092783505,"jigsaw",0.113402062,0.785714286,"newspaper","0.03030303",NA,"crossword",NA,"0.03030303",NA,NA,NA,NA,NA,NA,NA,NA,NA,NA,NA,NA,NA,NA,NA,NA,NA,NA,"face","English",NA,NA,3,NA,NA
"118","F",12,18,"cob","web",0.030927835,NA,"cob",NA,0.030927835,NA,NA,NA,NA,NA,NA,NA,NA,NA,NA,NA,NA,NA,NA,NA,NA,NA,NA,NA,NA,NA,NA,NA,NA,"face","English",NA,NA,3,NA,NA
"119","F",11,19,"brewery","beer",0.858585859,NA,"lager",0.04,0.817204301,"building",NA,NA,"brewery",NA,NA,NA,NA,NA,NA,NA,NA,NA,NA,NA,NA,NA,NA,NA,NA,NA,NA,NA,NA,"face","English",NA,NA,3,NA,NA
"120","F",12,20,"affection","love",0.717171717,0.02,"affection",0.02,0.717171717,NA,NA,NA,NA,NA,NA,NA,NA,NA,NA,NA,NA,NA,NA,NA,NA,NA,NA,NA,NA,NA,NA,NA,NA,"face","English",NA,NA,3,NA,NA
"121","G",13,1,"blaze","fire",0.723404255,0.01,"blaze",0.01,0.723404255,NA,NA,NA,NA,NA,NA,NA,NA,NA,NA,NA,NA,NA,NA,NA,NA,NA,NA,NA,NA,NA,NA,NA,NA,"non-face","English","1st word coming into head; about different parts of words/functions of words",NA,3,"India",NA
"122","G",14,2,"bank","deposit",NA,0.343434343,"bank",0.343434343,NA,NA,NA,NA,NA,NA,NA,NA,NA,NA,NA,NA,NA,NA,NA,NA,NA,NA,NA,NA,NA,NA,NA,NA,NA,"non-face","English","signaller 14 got quickly that words rather similar and thus a fully discrim. Attribute is a good cue, such as ""crescent"" -""finger nail"" etc.",NA,3,"UK",NA
"123","G",13,3,"loaf","bread",0.82,0.05,"loaf",0.05,0.82,NA,NA,NA,NA,NA,NA,NA,NA,NA,NA,NA,NA,NA,NA,NA,NA,NA,NA,NA,NA,NA,NA,NA,NA,"non-face","English",NA,NA,3,NA,NA
"124","G",14,4,"yolk","egg",0.806451613,0.12,"nog",0.12,0.670588235,"center",NA,NA,"yolk",NA,NA,NA,NA,NA,NA,NA,NA,NA,NA,NA,NA,NA,NA,NA,NA,NA,NA,NA,NA,"non-face","English",NA,"#""center"" based on previous word..",3,NA,NA
"125","G",13,5,"occupation","job",0.686868687,0.020408163,"occupation",0.020408163,0.686868687,NA,NA,NA,NA,NA,NA,NA,NA,NA,NA,NA,NA,NA,NA,NA,NA,NA,NA,NA,NA,NA,NA,NA,NA,"non-face","English",NA,NA,3,NA,NA
"126","G",14,6,"cod","fish",0.789473684,0.01,"salmon",0.03,0.755102041,"plant",NA,NA,"sushi",NA,NA,"finger",NA,NA,"fin",NA,NA,"chips",NA,NA,"cod",NA,NA,"na",NA,NA,NA,NA,NA,"non-face","English",NA,NA,3,NA,NA
"127","G",13,7,"steed ","horse",NA,NA,"pony",0.07,0.555555556,"female",NA,NA,"mare",NA,"0.011363636","riding",NA,NA,"steed",NA,NA,NA,NA,NA,NA,NA,NA,NA,NA,NA,NA,NA,NA,"non-face","English",NA,"#sig. Didn't know what ""steed"" means so I wrote in the private chat",3,NA,NA
"128","G",14,8,"retina","eye",0.838383838,NA,"pupil",0.01,0.323232323,"nerve",NA,NA,"retina",NA,NA,NA,NA,NA,NA,NA,NA,NA,NA,NA,NA,NA,NA,NA,NA,NA,NA,NA,NA,"non-face","English",NA,"#answers sent as privat message to me, realized that sig. Could not see it for that trial",3,NA,NA
"129","G",13,9,"pepperoni","pizza",0.747474747,0.09,"slice",0.03,0.141414141,"round","0.01010101",NA,"pepperoni",NA,"0.01010101",NA,NA,NA,NA,NA,NA,NA,NA,NA,NA,NA,NA,NA,NA,NA,NA,NA,NA,"non-face","English",NA,"#""round"" based on previous words…",3,NA,NA
"130","G",14,10,"sill","ledge",NA,0.043956044,"sill",0.043956044,NA,NA,NA,NA,NA,NA,NA,NA,NA,NA,NA,NA,NA,NA,NA,NA,NA,NA,NA,NA,NA,NA,NA,NA,NA,"non-face","English",NA,NA,3,NA,NA
"131","G",13,11,"butcher","meat",0.53,0.01010101,"steak",0.080808081,0.33,"cutter",NA,NA,"butcher",NA,NA,NA,NA,NA,NA,NA,NA,NA,NA,NA,NA,NA,NA,NA,NA,NA,NA,NA,NA,"non-face","English",NA,NA,3,NA,NA
"132","G",14,12,"grater","shredding; shredder:.01, na; same as shredding!",NA,NA,"grater",NA,NA,NA,NA,NA,NA,NA,NA,NA,NA,NA,NA,NA,NA,NA,NA,NA,NA,NA,NA,NA,NA,NA,NA,NA,NA,"non-face","English",NA,NA,3,NA,NA
"133","G",13,13,"acquaintance","friend",0.680412371,0.02,"buddy",0.09,0.571428571,"common",NA,NA,"acquaintance",NA,NA,NA,NA,NA,NA,NA,NA,NA,NA,NA,NA,NA,NA,NA,NA,NA,NA,NA,NA,"non-face","English",NA,NA,3,NA,NA
"134","G",14,14,"crescent","finger nail",NA,NA,"crescent",NA,NA,NA,NA,NA,NA,NA,NA,NA,NA,NA,NA,NA,NA,NA,NA,NA,NA,NA,NA,NA,NA,NA,NA,NA,NA,"non-face","English",NA,NA,3,NA,NA
"135","G",13,15,"bulb","source",NA,NA,"beacon",NA,NA,"light","0.683673469","0.08","lamp","0.02","0.656565657","round (for rounded: FAS.01)",NA,NA,"bulb",NA,NA,NA,NA,NA,NA,NA,NA,NA,NA,NA,NA,NA,NA,"non-face","English",NA,"#""round"" again based on previous words…",3,NA,NA
"136","G",14,16,"bouquet","assortment",NA,NA,"bouquet",NA,NA,NA,NA,NA,NA,NA,NA,NA,NA,NA,NA,NA,NA,NA,NA,NA,NA,NA,NA,NA,NA,NA,NA,NA,NA,"non-face","English",NA,NA,3,NA,NA
"137","G",13,17,"crossword","puzzle",0.727272727,0.092783505,"jigsaw",0.113402062,0.785714286,"words","0.04040404",NA,"riddle",NA,NA,"newspaper","0.03030303",NA,"crossword",NA,"0.03030303",NA,NA,NA,NA,NA,NA,NA,NA,NA,NA,NA,NA,"non-face","English",NA,"#sig.: said ""words"" as cue which is within ""words"" + said ""criss cross"" first, guesser couldn't hear it and then signaller said another cue word ",3,NA,NA
"138","G",14,18,"cob","corn",0.855670103,0.171717172,"cob",0.171717172,0.855670103,NA,NA,NA,NA,NA,NA,NA,NA,NA,NA,NA,NA,NA,NA,NA,NA,NA,NA,NA,NA,NA,NA,NA,NA,"non-face","English",NA,NA,3,NA,NA
"139","G",13,19,"brewery","beer",0.858585859,NA,"lager",0.04,0.817204301,"creating",NA,NA,"brewery",NA,NA,NA,NA,NA,NA,NA,NA,NA,NA,NA,NA,NA,NA,NA,NA,NA,NA,NA,NA,"non-face","English",NA,"#sig. Wasn't sure about the word; ""creating"" again based on previous words",3,NA,NA
"140","G",14,20,"affection","fondness",NA,0.132653061,"attraction",NA,NA,"herently",NA,NA,"affection",NA,NA,NA,NA,NA,NA,NA,NA,NA,NA,NA,NA,NA,NA,NA,NA,NA,NA,NA,NA,"non-face","English",NA,NA,3,NA,NA
"141","H",15,1,"blaze","fire",0.723404255,0.01,"blaze",0.01,0.723404255,NA,NA,NA,NA,NA,NA,NA,NA,NA,NA,NA,NA,NA,NA,NA,NA,NA,NA,NA,NA,NA,NA,NA,NA,"face","English",NA,NA,3,"UK/US?",NA
"142","H",16,2,"bank","robbery",0.03,0.06,"bank",0.06,0.03,NA,NA,NA,NA,NA,NA,NA,NA,NA,NA,NA,NA,NA,NA,NA,NA,NA,NA,NA,NA,NA,NA,NA,NA,"face","English","word associations; which pictures comes into mind","#signaller also said wind",3,"UK",NA
"143","H",15,3,"loaf","bread",0.82,0.05,"baguette",NA,0.443298969,"lazy","0.01",NA,"loaf",NA,"0.01",NA,NA,NA,NA,NA,NA,NA,NA,NA,NA,NA,NA,NA,NA,NA,NA,NA,NA,"face","English",NA,NA,3,NA,NA
"144","H",16,4,"yolk","nucleus",NA,NA,"yolk",NA,NA,NA,NA,NA,NA,NA,NA,NA,NA,NA,NA,NA,NA,NA,NA,NA,NA,NA,NA,NA,NA,NA,NA,NA,NA,"face","English",NA,NA,3,NA,NA
"145","H",15,5,"occupation","job",0.686868687,0.020408163,"occupation",0.020408163,0.686868687,NA,NA,NA,NA,NA,NA,NA,NA,NA,NA,NA,NA,NA,NA,NA,NA,NA,NA,NA,NA,NA,NA,NA,NA,"face","English",NA,NA,3,NA,NA
"146","H",16,6,"cod","code",NA,NA,"cod",NA,NA,NA,NA,NA,NA,NA,NA,NA,NA,NA,NA,NA,NA,NA,NA,NA,NA,NA,NA,NA,NA,NA,NA,NA,NA,"face","English",NA,NA,3,NA,NA
"147","H",15,7,"steed ","horse",NA,NA,"steed",0.01,0.8,NA,NA,NA,NA,NA,NA,NA,NA,NA,NA,NA,NA,NA,NA,NA,NA,NA,NA,NA,NA,NA,NA,NA,NA,"face","English",NA,NA,3,NA,NA
"148","H",16,8,"retina","hard",NA,NA,"blink",NA,NA,"lens",NA,NA,"iris",NA,"0.010309278","patina",NA,NA,"retina",NA,NA,NA,NA,NA,NA,NA,NA,NA,NA,NA,NA,NA,NA,"face","English",NA,NA,3,NA,NA
"149","H",15,9,"pepperoni","pizza",0.747474747,0.09,"pepperoni",0.09,0.747474747,NA,NA,NA,NA,NA,NA,NA,NA,NA,NA,NA,NA,NA,NA,NA,NA,NA,NA,NA,NA,NA,NA,NA,NA,"face","English",NA,NA,3,NA,NA
"150","H",16,10,"sill","window",0.857142857,0.08,"pane",0.17,0.691489362,"still","0.023809524",NA,"sill",NA,"0.023809524",NA,NA,NA,NA,NA,NA,NA,NA,NA,NA,NA,NA,NA,NA,NA,NA,NA,NA,"face","English",NA,"#signaller often said cues that are similar to the target in pronunciation, not in meaning - as it is difficult to find AS for these, I told him to better refer it to meaning",3,NA,NA
"151","H",15,11,"butcher","meat",0.53,0.01010101,"butcher",0.01010101,0.53,NA,NA,NA,NA,NA,NA,NA,NA,NA,NA,NA,NA,NA,NA,NA,NA,NA,NA,NA,NA,NA,NA,NA,NA,"face","English",NA,NA,3,NA,NA
"152","H",16,12,"grater","cheese",0.804347826,NA,"Cheddar",0.07,0.939393939,"parmesan",NA,NA,"grater",NA,NA,NA,NA,NA,NA,NA,NA,NA,NA,NA,NA,NA,NA,NA,NA,NA,NA,NA,NA,"face","English",NA,NA,3,NA,NA
"153","H",15,13,"acquaintance","friend",0.680412371,0.02,"buddy",0.09,0.571428571,"colleague","0.041237113",NA,"acquaintance",NA,"0.041237113",NA,NA,NA,NA,NA,NA,NA,NA,NA,NA,NA,NA,NA,NA,NA,NA,NA,NA,"face","English",NA,"#sig. Said ""friend of me"" before ""colleague"" (2nd cue)",3,NA,NA
"154","H",16,14,"crescent","moon",0.708333333,0.02020202,"eclipse",NA,0.34,"fertile",NA,"0.03030303","crescent","0.03030303",NA,NA,NA,NA,NA,NA,NA,NA,NA,NA,NA,NA,NA,NA,NA,NA,NA,NA,NA,"face","English",NA,"#from this trial on the guesser's face cannot be seen that clearly any more because it's dark in the room",3,NA,NA
"155","H",15,15,"bulb","light",0.683673469,0.08,"illumination",0.01,0.520408163,"lamp","0.030612245","0.02020202","lantern",NA,"0.082474227","LED",NA,NA,"bulb",NA,NA,NA,NA,NA,NA,NA,NA,NA,NA,NA,NA,NA,NA,"face","English",NA,NA,3,NA,NA
"156","H",16,16,"bouquet","floral",0.03,0.06,"bouquet",0.06,0.03,NA,NA,NA,NA,NA,NA,NA,NA,NA,NA,NA,NA,NA,NA,NA,NA,NA,NA,NA,NA,NA,NA,NA,NA,"face","English",NA,NA,3,NA,NA
"157","H",15,17,"crossword","puzzle",0.727272727,0.092783505,"jigsaw",0.113402062,0.785714286,"letters","0.01010101",NA,"crossword",NA,"0.01010101",NA,NA,NA,NA,NA,NA,NA,NA,NA,NA,NA,NA,NA,NA,NA,NA,NA,NA,"face","English",NA,NA,3,NA,NA
"158","H",16,18,"cob","web",0.030927835,NA,"cob",NA,0.030927835,NA,NA,NA,NA,NA,NA,NA,NA,NA,NA,NA,NA,NA,NA,NA,NA,NA,NA,NA,NA,NA,NA,NA,NA,"face","English",NA,NA,3,NA,NA
"159","H",15,19,"brewery","beer",0.858585859,NA,"ale",0.09,0.6875,"ferment",NA,NA,"brewery",NA,NA,NA,NA,NA,NA,NA,NA,NA,NA,NA,NA,NA,NA,NA,NA,NA,NA,NA,NA,"face","English",NA,NA,3,NA,NA
"160","H",16,20,"affection","smuggles",NA,NA,"affection",NA,NA,NA,NA,NA,NA,NA,NA,NA,NA,NA,NA,NA,NA,NA,NA,NA,NA,NA,NA,NA,NA,NA,NA,NA,NA,"face","English",NA,"#snuggles would make more sense, but I'm pretty sure she said ""smuggles""; na for either",3,NA,NA
"161","I",17,1,"bank","account",0.07,0.19,"money",0.15,NA,"building",NA,NA,"cash",NA,NA,"river","0.05","0.03","bank","0.03","0.05",NA,NA,NA,NA,NA,NA,NA,NA,NA,NA,NA,NA,"face","English",NA,NA,1,"UK",NA
"162","I",18,2,"brewery","alcohol",0.01010101,NA,"lager",NA,0.021505376,"fermenting",NA,NA,"keg",NA,NA,"distillery","0.01010101",NA,"brewery",NA,"0.01010101",NA,NA,NA,NA,NA,NA,NA,NA,NA,NA,NA,NA,"face","English",NA,NA,1,"Central America?",NA
"163","I",17,3,"sill","window",0.857142857,0.08,"curtain",0.01,0.153061224,"ledge",NA,"0.043956044","pane",NA,NA,"outside",NA,NA,"glass",NA,NA,"stone",NA,NA,"sill",NA,NA,NA,NA,NA,NA,NA,NA,"face","English",NA,NA,1,NA,NA
"164","I",18,4,"cob","melis",NA,NA,"kernel",NA,NA,"corn bread",NA,NA,"maize",NA,NA,"grains",NA,NA,"husk",NA,NA,"cornflakes",NA,NA,"cob",NA,NA,NA,NA,NA,NA,NA,NA,"face","English",NA,NA,1,NA,NA
"165","I",17,5,"retina","eye",0.838383838,NA,"iris",0.04,0.546391753,"skin",NA,NA,"brow",NA,NA,"inside",NA,NA,"pupil",NA,NA,"light",NA,NA,"retina",NA,NA,NA,NA,NA,NA,NA,NA,"face","English",NA,NA,1,NA,NA
"166","I",18,6,"loaf","bread",0.82,0.05,"loaf",0.05,0.82,NA,NA,NA,NA,NA,NA,NA,NA,NA,NA,NA,NA,NA,NA,NA,NA,NA,NA,NA,NA,NA,NA,NA,NA,"face","English",NA,NA,1,NA,NA
"167","I",17,7,"grater","cheese",0.804347826,NA,"cheddar",NA,NA,"metal",NA,NA,"grater",NA,NA,NA,NA,NA,NA,NA,NA,NA,NA,NA,NA,NA,NA,NA,NA,NA,NA,NA,NA,"face","English",NA,NA,1,NA,NA
"168","I",18,8,"yolk","egg",0.806451613,0.12,"yolk",0.12,0.806451613,NA,NA,NA,NA,NA,NA,NA,NA,NA,NA,NA,NA,NA,NA,NA,NA,NA,NA,NA,NA,NA,NA,NA,NA,"face","English",NA,NA,1,NA,NA
"169","I",17,9,"steed","horse",0.8,0.01,"stallion",NA,0.787878788,"trusty","0.022222222",NA,"pony",NA,NA,"bride",NA,NA,"steed",NA,NA,NA,NA,NA,NA,NA,NA,NA,NA,NA,NA,NA,NA,"face","English",NA,NA,1,NA,NA
"170","I",18,10,"cod","rob",NA,NA,"sushi",NA,NA,"fish","0.789473684","0.01","salmon","0.03","0.755102041","salmon",NA,NA,"cod",NA,NA,NA,NA,NA,NA,NA,NA,NA,NA,NA,NA,NA,NA,"face","English",NA,"#salmon as answer and cue",1,NA,NA
"171","I",17,11,"pepperoni","pizza",0.747474747,0.09,"pepperoni",0.09,0.747474747,NA,NA,NA,NA,NA,NA,NA,NA,NA,NA,NA,NA,NA,NA,NA,NA,NA,NA,NA,NA,NA,NA,NA,NA,"face","English",NA,NA,1,NA,NA
"172","I",18,12,"crossword","puzzle",0.727272727,0.092783505,"pieces",0.020618557,0.212121212,"Scrabble",NA,NA,"crossword",NA,NA,NA,NA,NA,NA,NA,NA,NA,NA,NA,NA,NA,NA,NA,NA,NA,NA,NA,NA,"face","English",NA,NA,1,NA,NA
"173","I",17,13,"blaze","fire",0.723404255,0.01,"blaze",0.01,0.723404255,NA,NA,NA,NA,NA,NA,NA,NA,NA,NA,NA,NA,NA,NA,NA,NA,NA,NA,NA,NA,NA,NA,NA,NA,"face","English",NA,NA,1,NA,NA
"174","I",18,14,"affection","love",0.717171717,0.02,"adoration",NA,0.53,"expressive",NA,NA,"darling",NA,NA,"loving","0.01010101",NA,"affection",NA,"0.01010101",NA,NA,NA,NA,NA,NA,NA,NA,NA,NA,NA,NA,"face","English",NA,"#sig. Mumbled touchy and said clingy, guesser couldn't understand it and then sig. Said ""expressive"" as a cue",1,NA,NA
"175","I",17,15,"crescent","moon",0.708333333,0.02020202,"sun",0.222222222,0.23,"croissant",NA,"0.01","crescent","0.01",NA,NA,NA,NA,NA,NA,NA,NA,NA,NA,NA,NA,NA,NA,NA,NA,NA,NA,NA,"face","English",NA,NA,1,NA,NA
"176","I",18,16,"occupation","job title",NA,NA,"occupation",NA,NA,NA,NA,NA,NA,NA,NA,NA,NA,NA,NA,NA,NA,NA,NA,NA,NA,NA,NA,NA,NA,NA,NA,NA,NA,"face","English",NA,NA,1,NA,NA
"177","I",17,17,"bouquet","wedding",0.02,NA,"bouquet",NA,0.02,NA,NA,NA,NA,NA,NA,NA,NA,NA,NA,NA,NA,NA,NA,NA,NA,NA,NA,NA,NA,NA,NA,NA,NA,"face","English",NA,NA,1,NA,NA
"178","I",18,18,"acquaintance","friend",0.680412371,0.02,"buddy",0.09,0.571428571,"colleague","0.041237113",NA,"ally",NA,NA,"workmate",NA,NA,"acquaintance",NA,NA,NA,NA,NA,NA,NA,NA,NA,NA,NA,NA,NA,NA,"face","English",NA,NA,1,NA,NA
"179","I",17,19,"bulb","light",0.683673469,0.08,"bulb",0.08,0.683673469,NA,NA,NA,NA,NA,NA,NA,NA,NA,NA,NA,NA,NA,NA,NA,NA,NA,NA,NA,NA,NA,NA,NA,NA,"face","English",NA,NA,1,NA,NA
"180","I",18,20,"butcher","meat",0.53,0.01010101,"veal",0.01010101,0.22826087,"abattoir","0.01",NA,"butcher",NA,"0.01",NA,NA,NA,NA,NA,NA,NA,NA,NA,NA,NA,NA,NA,NA,NA,NA,NA,NA,"face","English",NA,NA,1,NA,NA
"181","J",19,1,"blaze","fire",0.723404255,0.01,"blaze",0.01,0.723404255,NA,NA,NA,NA,NA,NA,NA,NA,NA,NA,NA,NA,NA,NA,NA,NA,NA,NA,NA,NA,NA,NA,NA,NA,"non-face","English",NA,NA,3,"UK",NA
"182","J",20,2,"bank","money",0.4,NA,"cash",0.26,0.74,"withdraw",NA,"0.010309278","bank","0.010309278",NA,NA,NA,NA,NA,NA,NA,NA,NA,NA,NA,NA,NA,NA,NA,NA,NA,NA,NA,"non-face","English",NA,NA,3,"Canada",NA
"183","J",19,3,"loaf","bread",0.82,0.05,"bakery",NA,0.51,"bake",NA,NA,"loaf",NA,NA,NA,NA,NA,NA,NA,NA,NA,NA,NA,NA,NA,NA,NA,NA,NA,NA,NA,NA,"non-face","English",NA,NA,3,NA,NA
"184","J",20,4,"yolk","egg",0.806451613,0.12,"hatch",0.01,0.351648352,"orange",NA,NA,"yolk",NA,NA,NA,NA,NA,NA,NA,NA,NA,NA,NA,NA,NA,NA,NA,NA,NA,NA,NA,NA,"non-face","English",NA,NA,3,NA,NA
"185","J",19,5,"occupation","army",NA,NA,"occupation",NA,NA,NA,NA,NA,NA,NA,NA,NA,NA,NA,NA,NA,NA,NA,NA,NA,NA,NA,NA,NA,NA,NA,NA,NA,NA,"non-face","English",NA,NA,3,NA,NA
"186","J",20,6,"cod","fish",0.789473684,0.01,"aquarium",0.01,0.72,"species",NA,NA,"cod",NA,NA,NA,NA,NA,NA,NA,NA,NA,NA,NA,NA,NA,NA,NA,NA,NA,NA,NA,NA,"non-face","English",NA,NA,3,NA,NA
"187","J",19,7,"steed","noble",0.033333333,0.02,"stallion",NA,NA,"mighty",NA,NA,"steed",NA,NA,NA,NA,NA,NA,NA,NA,NA,NA,NA,NA,NA,NA,NA,NA,NA,NA,NA,NA,"non-face","English",NA,NA,3,NA,NA
"188","J",20,8,"retina","eye",0.838383838,NA,"brow",0.01,0.46875,"vision",NA,NA,"retina",NA,NA,NA,NA,NA,NA,NA,NA,NA,NA,NA,NA,NA,NA,NA,NA,NA,NA,NA,NA,"non-face","English",NA,NA,3,NA,NA
"189","J",19,9,"pepperoni","pizza",0.747474747,0.09,"slice",0.03,0.141414141,"sausage","0.070707071",NA,"pepperoni",NA,"0.070707071",NA,NA,NA,NA,NA,NA,NA,NA,NA,NA,NA,NA,NA,NA,NA,NA,NA,NA,"non-face","English",NA,NA,3,NA,NA
"190","J",20,10,"sill","frame",NA,NA,"pane",NA,NA,"rational",NA,NA,"sill",NA,NA,NA,NA,NA,NA,NA,NA,NA,NA,NA,NA,NA,NA,NA,NA,NA,NA,NA,NA,"non-face","English",NA,NA,3,NA,NA
"191","J",19,11,"butcher","hook",NA,NA,"butcher",NA,NA,NA,NA,NA,NA,NA,NA,NA,NA,NA,NA,NA,NA,NA,NA,NA,NA,NA,NA,NA,NA,NA,NA,NA,NA,"non-face","English",NA,NA,3,NA,NA
"192","J",20,12,"grater","cheese",0.804347826,NA,"cheddar",NA,NA,"grind",NA,NA,"grater",NA,NA,NA,NA,NA,NA,NA,NA,NA,NA,NA,NA,NA,NA,NA,NA,NA,NA,NA,NA,"non-face","English",NA,NA,3,NA,NA
"193","J",19,13,"acquaintance","friendly",NA,NA,"ally",NA,NA,"business","0.010309278",NA,"acquaintance",NA,"0.010309278",NA,NA,NA,NA,NA,NA,NA,NA,NA,NA,NA,NA,NA,NA,NA,NA,NA,NA,"non-face","English",NA,NA,3,NA,NA
"194","J",20,14,"crescent","moon",0.708333333,0.02020202,"crescent",0.02020202,0.708333333,NA,NA,NA,NA,NA,NA,NA,NA,NA,NA,NA,NA,NA,NA,NA,NA,NA,NA,NA,NA,NA,NA,NA,NA,"non-face","English",NA,NA,3,NA,NA
"195","J",19,15,"bulb"," garlic",NA,NA,"illumination",NA,NA,"light","0.683673469","0.08","bulb","0.08","0.683673469",NA,NA,NA,NA,NA,NA,NA,NA,NA,NA,NA,NA,NA,NA,NA,NA,NA,NA,"non-face","English",NA,NA,3,NA,NA
"196","J",20,16,"bouquet","flowers",0.69,0.08,"bouquet",0.08,0.69,NA,NA,NA,NA,NA,NA,NA,NA,NA,NA,NA,NA,NA,NA,NA,NA,NA,NA,NA,NA,NA,NA,NA,NA,"non-face","English",NA,NA,3,NA,NA
"197","J",19,17,"crossword","The Financial Times",NA,NA,"conundrum",NA,NA,"puzzle","0.727272727","0.092783505","pieces","0.020618557","0.212121212","words","0.04040404",NA,"crossword",NA,"0.04040404",NA,NA,NA,NA,NA,NA,NA,NA,NA,NA,NA,NA,"non-face","English",NA,NA,3,NA,NA
"198","J",20,18,"cob","corn",0.855670103,0.171717172,"cob",0.171717172,0.855670103,NA,NA,NA,NA,NA,NA,NA,NA,NA,NA,NA,NA,NA,NA,NA,NA,NA,NA,NA,NA,NA,NA,NA,NA,"non-face","English",NA,NA,3,NA,NA
"199","J",19,19,"brewery","beer",0.858585859,NA,"brewery",NA,0.858585859,NA,NA,NA,NA,NA,NA,NA,NA,NA,NA,NA,NA,NA,NA,NA,NA,NA,NA,NA,NA,NA,NA,NA,NA,"non-face","English",NA,NA,3,NA,NA
"200","J",20,20,"affection","fondness",NA,0.132653061,"affection",0.132653061,NA,NA,NA,NA,NA,NA,NA,NA,NA,NA,NA,NA,NA,NA,NA,NA,NA,NA,NA,NA,NA,NA,NA,NA,NA,"non-face","English",NA,NA,3,NA,NA
"201","K",21,1,"pepperoni","pizza",0.747474747,0.09,"pepperoni",0.09,0.747474747,NA,NA,NA,NA,NA,NA,NA,NA,NA,NA,NA,NA,NA,NA,NA,NA,NA,NA,NA,NA,NA,NA,NA,NA,"non-face","English","#word associations","#sig. Said pizza and meat",2,"UK(Ireland)",NA
"202","K",22,2,"crescent","moon",0.708333333,0.02020202,"eclipse",NA,0.34,"shape","0.020833333",NA,"crescent",NA,"0.020833333",NA,NA,NA,NA,NA,NA,NA,NA,NA,NA,NA,NA,NA,NA,NA,NA,NA,NA,"non-face","English",NA,NA,2,"UK",NA
"203","K",21,3,"yolk","egg",0.806451613,0.12,"yolk",0.12,0.806451613,NA,NA,NA,NA,NA,NA,NA,NA,NA,NA,NA,NA,NA,NA,NA,NA,NA,NA,NA,NA,NA,NA,NA,NA,"non-face","English",NA,NA,2,NA,NA
"204","K",22,4,"retina","eye",0.838383838,NA,"pupil",0.01,0.323232323,"small",NA,NA,"yolk",NA,NA,NA,NA,NA,NA,NA,NA,NA,NA,NA,NA,NA,NA,NA,NA,NA,NA,NA,NA,"non-face","English",NA,NA,2,NA,NA
"205","K",21,5,"bouquet","flowers",0.69,0.08,"roses",0.07,0.19,"bunch",NA,NA,"bouquet",NA,NA,NA,NA,NA,NA,NA,NA,NA,NA,NA,NA,NA,NA,NA,NA,NA,NA,NA,NA,"non-face","English",NA,NA,2,NA,NA
"206","K",22,6,"laof","bread",NA,NA,"loaf",0.05,0.82,NA,NA,NA,NA,NA,NA,NA,NA,NA,NA,NA,NA,NA,NA,NA,NA,NA,NA,NA,NA,NA,NA,NA,NA,"non-face","English",NA,NA,2,NA,NA
"207","K",21,7,"blaze","fire",0.723404255,0.01,"blaze",0.01,0.723404255,NA,NA,NA,NA,NA,NA,NA,NA,NA,NA,NA,NA,NA,NA,NA,NA,NA,NA,NA,NA,NA,NA,NA,NA,"non-face","English",NA,NA,2,NA,NA
"208","K",22,8,"sill","window",0.857142857,0.08,"glass",0.17,0.05,"ledge",NA,"0.043956044","sill","0.043956044",NA,NA,NA,NA,NA,NA,NA,NA,NA,NA,NA,NA,NA,NA,NA,NA,NA,NA,NA,"non-face","English",NA,NA,2,NA,NA
"209","K",21,9,"acquaintance","associate",NA,0.01010101,"acquaintance",0.01010101,NA,NA,NA,NA,NA,NA,NA,NA,NA,NA,NA,NA,NA,NA,NA,NA,NA,NA,NA,NA,NA,NA,NA,NA,NA,"non-face","English",NA,NA,2,NA,NA
"210","K",22,10,"bank","money",0.4,NA,"cash",0.26,0.74,"robber","0.04","0.12244898","bank","0.12244898","0.04",NA,NA,NA,NA,NA,NA,NA,NA,NA,NA,NA,NA,NA,NA,NA,NA,NA,NA,"non-face","English",NA,NA,2,NA,NA
"211","K",21,11,"bulb","light",0.683673469,0.08,"illumination",0.01,0.520408163,"round",NA,NA,"bulb",NA,NA,NA,NA,NA,NA,NA,NA,NA,NA,NA,NA,NA,NA,NA,NA,NA,NA,NA,NA,"non-face","English",NA,NA,2,NA,NA
"212","K",22,12,"brewery","witch",NA,NA,"ale",NA,NA,"beer","0.858585859",NA,"keg",NA,"0.757894737","making",NA,NA,"brewery",NA,NA,NA,NA,NA,NA,NA,NA,NA,NA,NA,NA,NA,NA,"non-face","English",NA,NA,2,NA,NA
"213","K",21,13,"occupation","job",0.686868687,0.020408163,"occupation",0.020408163,0.686868687,NA,NA,NA,NA,NA,NA,NA,NA,NA,NA,NA,NA,NA,NA,NA,NA,NA,NA,NA,NA,NA,NA,NA,NA,"non-face","English",NA,NA,2,NA,NA
"214","K",22,14,"cob","corn",0.855670103,0.171717172,"cob",0.171717172,0.855670103,NA,NA,NA,NA,NA,NA,NA,NA,NA,NA,NA,NA,NA,NA,NA,NA,NA,NA,NA,NA,NA,NA,NA,NA,"non-face","English",NA,NA,2,NA,NA
"215","K",21,15,"cod","fish",0.789473684,0.01,"aquarium",0.01,0.72,"stick",NA,NA,"salmon",NA,NA,"white",NA,NA,"cod",NA,NA,NA,NA,NA,NA,NA,NA,NA,NA,NA,NA,NA,NA,"non-face","English",NA,NA,2,NA,NA
"216","K",22,16,"butcher","meat",0.53,0.01010101,"butcher",0.01010101,0.53,NA,NA,NA,NA,NA,NA,NA,NA,NA,NA,NA,NA,NA,NA,NA,NA,NA,NA,NA,NA,NA,NA,NA,NA,"non-face","English",NA,NA,2,NA,NA
"217","K",21,17,"affection","love",0.717171717,0.02,"affection",0.02,0.717171717,NA,NA,NA,NA,NA,NA,NA,NA,NA,NA,NA,NA,NA,NA,NA,NA,NA,NA,NA,NA,NA,NA,NA,NA,"non-face","English",NA,NA,2,NA,NA
"218","K",22,18,"steed","holt",NA,NA,"steed",NA,NA,NA,NA,NA,NA,NA,NA,NA,NA,NA,NA,NA,NA,NA,NA,NA,NA,NA,NA,NA,NA,NA,NA,NA,NA,"non-face","English",NA,NA,2,NA,NA
"219","K",21,19,"crossword","puzzle",0.727272727,0.092783505,"jigsaw",0.113402062,0.785714286,"numbers",NA,NA,"conundrum",NA,NA,"clues","0.01010101",NA,"crossword",NA,"0.01010101",NA,NA,NA,NA,NA,NA,NA,NA,NA,NA,NA,NA,"non-face","English",NA,NA,2,NA,NA
"220","K",22,20,"grater","cheese",0.804347826,NA,"grater",NA,0.804347826,NA,NA,NA,NA,NA,NA,NA,NA,NA,NA,NA,NA,NA,NA,NA,NA,NA,NA,NA,NA,NA,NA,NA,NA,"non-face","English",NA,NA,2,NA,NA
"221","L",23,1,"yolk","egg",0.806451613,0.12,"yolk",0.12,0.806451613,NA,NA,NA,NA,NA,NA,NA,NA,NA,NA,NA,NA,NA,NA,NA,NA,NA,NA,NA,NA,NA,NA,NA,NA,"face","English","associations: what first comes into one's mind; to do with that assocs are common words as opposed to responses which rather similar/circumscribed, e.g. cod--> fish (on list could be salmon, aquarium, cod etc)",NA,4,"South Africa",NA
"222","L",24,2,"retina","eye",0.838383838,NA,"pupil",0.01,0.323232323,"lense",NA,NA,"retina",NA,NA,NA,NA,NA,NA,NA,NA,NA,NA,NA,NA,NA,NA,NA,NA,NA,NA,NA,NA,"face","English",NA,"#guesser: said glasses as second response, but not on list and then signaller said another cue (lense-->glasses-->screen -->)",4,"UK",NA
"223","L",23,3,"acquaintance","associate",NA,0.01010101,"acquaintance",0.01010101,NA,NA,NA,NA,NA,NA,NA,NA,NA,NA,NA,NA,NA,NA,NA,NA,NA,NA,NA,NA,NA,NA,NA,NA,NA,"face","English",NA,NA,4,NA,NA
"224","L",24,4,"affection","love",0.717171717,0.02,"infatuation",NA,0.384615385,"relationship",NA,NA,"affection",NA,NA,NA,NA,NA,NA,NA,NA,NA,NA,NA,NA,NA,NA,NA,NA,NA,NA,NA,NA,"face","English",NA,NA,4,NA,NA
"225","L",23,5,"crossword","puzzle",0.727272727,0.092783505,"jigsaw",0.113402062,0.785714286,"word game",NA,NA,"crossword",NA,NA,NA,NA,NA,NA,NA,NA,NA,NA,NA,NA,NA,NA,NA,NA,NA,NA,NA,NA,"face","English",NA,NA,4,NA,NA
"226","L",24,6,"bouquet","flowers",0.69,0.08,"roses",0.07,0.19,"roses","0.01","0.01","bouquet","0.01","0.01",NA,NA,NA,NA,NA,NA,NA,NA,NA,NA,NA,NA,NA,NA,NA,NA,NA,NA,"face","English",NA,"signaller said roses as second cue althought it was also second response",4,NA,NA
"227","L",23,7,"crescent","moon",0.708333333,0.02020202,"midnight",NA,0.1,"shape","0.020833333",NA,"crescent",NA,"0.020833333",NA,NA,NA,NA,NA,NA,NA,NA,NA,NA,NA,NA,NA,NA,NA,NA,NA,NA,"face","English",NA,NA,4,NA,NA
"228","L",24,8,"steed","horse",0.8,0.01,"pony",0.07,0.555555556,"riding",NA,NA,"stallion",NA,NA,"stud","0.022222222",NA,"steed",NA,"0.022222222",NA,NA,NA,NA,NA,NA,NA,NA,NA,NA,NA,NA,"face","English",NA,NA,4,NA,NA
"229","L",23,9,"bank","deposit",NA,0.343434343,"bank",0.343434343,NA,NA,NA,NA,NA,NA,NA,NA,NA,NA,NA,NA,NA,NA,NA,NA,NA,NA,NA,NA,NA,NA,NA,NA,NA,"face","English",NA,NA,4,NA,NA
"230","L",24,10,"occupation","job",0.686868687,0.020408163,"occupation",0.020408163,0.686868687,NA,NA,NA,NA,NA,NA,NA,NA,NA,NA,NA,NA,NA,NA,NA,NA,NA,NA,NA,NA,NA,NA,NA,NA,"face","English",NA,NA,4,NA,NA
"231","L",23,11,"bulb","light",0.683673469,0.08,"bulb",0.08,0.683673469,NA,NA,NA,NA,NA,NA,NA,NA,NA,NA,NA,NA,NA,NA,NA,NA,NA,NA,NA,NA,NA,NA,NA,NA,"face","English",NA,NA,4,NA,NA
"232","L",24,12,"cob","cylinder",NA,NA,"cob",NA,NA,NA,NA,NA,NA,NA,NA,NA,NA,NA,NA,NA,NA,NA,NA,NA,NA,NA,NA,NA,NA,NA,NA,NA,NA,"face","English",NA,NA,4,NA,NA
"233","L",23,13,"loaf","bread",0.82,0.05,"loaf",0.05,0.82,NA,NA,NA,NA,NA,NA,NA,NA,NA,NA,NA,NA,NA,NA,NA,NA,NA,NA,NA,NA,NA,NA,NA,NA,"face","English",NA,NA,4,NA,NA
"234","L",24,14,"cod","fish",0.789473684,0.01,"salmon",0.03,0.755102041,"game",NA,NA,"aquarium",NA,NA,"oil",NA,NA,"sushi",NA,NA,"Atlantic",NA,NA,"cod",NA,NA,NA,NA,NA,NA,NA,NA,"face","English",NA,NA,4,NA,NA
"235","L",23,15,"grater","cheese",0.804347826,NA,"cheddar",NA,NA,"shredding",NA,NA,"grater",NA,NA,NA,NA,NA,NA,NA,NA,NA,NA,NA,NA,NA,NA,NA,NA,NA,NA,NA,NA,"face","English",NA,NA,4,NA,NA
"236","L",24,16,"brewery","beer",0.858585859,NA,"brewery",NA,0.858585859,NA,NA,NA,NA,NA,NA,NA,NA,NA,NA,NA,NA,NA,NA,NA,NA,NA,NA,NA,NA,NA,NA,NA,NA,"face","English",NA,NA,4,NA,NA
"237","L",23,17,"pepperoni","pizza",0.747474747,0.09,"slice",0.03,0.141414141,"pepper",NA,NA,"pepperoni",NA,NA,NA,NA,NA,NA,NA,NA,NA,NA,NA,NA,NA,NA,NA,NA,NA,NA,NA,NA,"face","English",NA,NA,4,NA,NA
"238","L",24,18,"butcher","meat",0.53,0.01010101,"meat",NA,NA,"family",NA,NA,"food",NA,NA,"counter",NA,NA,"steak",NA,NA,"animals",NA,NA,"veal",NA,NA,"raw",NA,NA,"butcher",NA,NA,"face","English",NA,"#signaller said meat and guesser guessed meat (was on the list and probably thought it is the target word..)",4,NA,NA
"239","L",23,19,"blaze","forest",NA,NA,"blaze",NA,NA,NA,NA,NA,NA,NA,NA,NA,NA,NA,NA,NA,NA,NA,NA,NA,NA,NA,NA,NA,NA,NA,NA,NA,NA,"face","English",NA,NA,4,NA,NA
"240","L",24,20,"sill","window",0.857142857,0.08,"glass",0.17,0.05,"horizontal",NA,NA,"curtain",NA,NA,"shelf","0.011904762",NA,"sill",NA,"0.011904762",NA,NA,NA,NA,NA,NA,NA,NA,NA,NA,NA,NA,"face","English",NA,NA,4,NA,NA
"241","M",25,1,"yolk","egg",0.806451613,0.12,"yolk",0.12,0.806451613,NA,NA,NA,NA,NA,NA,NA,NA,NA,NA,NA,NA,NA,NA,NA,NA,NA,NA,NA,NA,NA,NA,NA,NA,"non-face","English","word associations, linguistic meanings",NA,4,"US",NA
"242","M",26,2,"retina","eyeball",0.04040404,0.02020202,"retina",0.02020202,0.04040404,NA,NA,NA,NA,NA,NA,NA,NA,NA,NA,NA,NA,NA,NA,NA,NA,NA,NA,NA,NA,NA,NA,NA,NA,"non-face","English",NA,NA,4,"US",NA
"243","M",25,3,"acquaintance","friend",0.680412371,0.02,"buddy",0.09,0.571428571,"familiar",NA,NA,"acquaintance",NA,NA,NA,NA,NA,NA,NA,NA,NA,NA,NA,NA,NA,NA,NA,NA,NA,NA,NA,NA,"non-face","English",NA,NA,4,NA,NA
"244","M",26,4,"affection","loving",0.01010101,NA,"affection",NA,0.01010101,NA,NA,NA,NA,NA,NA,NA,NA,NA,NA,NA,NA,NA,NA,NA,NA,NA,NA,NA,NA,NA,NA,NA,NA,"non-face","English",NA,NA,4,NA,NA
"245","M",25,5,"crossword","puzzle",0.727272727,0.092783505,"jigsaw",0.113402062,0.785714286,"newspaper","0.03030303",NA,"crossword",NA,"0.03030303",NA,NA,NA,NA,NA,NA,NA,NA,NA,NA,NA,NA,NA,NA,NA,NA,NA,NA,"non-face","English",NA,NA,4,NA,NA
"246","M",26,6,"bouquet","roses",0.01,0.01,"petals",NA,0.041237113,"romantic",NA,NA,"bouquet",NA,NA,NA,NA,NA,NA,NA,NA,NA,NA,NA,NA,NA,NA,NA,NA,NA,NA,NA,NA,"non-face","English",NA,NA,4,NA,NA
"247","M",25,7,"crescent","moon",0.708333333,0.02020202,"eclipse",NA,0.34,"Islam",NA,NA,"crescent",NA,NA,NA,NA,NA,NA,NA,NA,NA,NA,NA,NA,NA,NA,NA,NA,NA,NA,NA,NA,"non-face","English",NA,NA,4,NA,NA
"248","M",26,8,"steed","might",NA,NA,"steed",NA,NA,NA,NA,NA,NA,NA,NA,NA,NA,NA,NA,NA,NA,NA,NA,NA,NA,NA,NA,NA,NA,NA,NA,NA,NA,"non-face","English",NA,NA,4,NA,NA
"249","M",25,9,"bank","vault",0.02,0.257731959,"bank",0.257731959,0.02,NA,NA,NA,NA,NA,NA,NA,NA,NA,NA,NA,NA,NA,NA,NA,NA,NA,NA,NA,NA,NA,NA,NA,NA,"non-face","English",NA,NA,4,NA,NA
"250","M",26,10,"occupation","job",0.686868687,0.020408163,"work",0.408163265,0.090909091,"career","0.02020202","0.02","occupation","0.02","0.02020202",NA,NA,NA,NA,NA,NA,NA,NA,NA,NA,NA,NA,NA,NA,NA,NA,NA,NA,"non-face","English",NA,NA,4,NA,NA
"251","M",25,11,"bulb","tulip",0.06122449,0.070707071,"bulb",0.070707071,0.06122449,NA,NA,NA,NA,NA,NA,NA,NA,NA,NA,NA,NA,NA,NA,NA,NA,NA,NA,NA,NA,NA,NA,NA,NA,"non-face","English",NA,NA,4,NA,NA
"252","M",26,12,"cob","corn",0.855670103,0.171717172,"maize",0.02020202,0.827956989,"web","0.030927835",NA,"cob",NA,"0.030927835",NA,NA,NA,NA,NA,NA,NA,NA,NA,NA,NA,NA,NA,NA,NA,NA,NA,NA,"non-face","English",NA,NA,4,NA,NA
"253","M",25,13,"loaf","lazy",0.01,NA,"loaf",NA,0.01,NA,NA,NA,NA,NA,NA,NA,NA,NA,NA,NA,NA,NA,NA,NA,NA,NA,NA,NA,NA,NA,NA,NA,NA,"non-face","English",NA,NA,4,NA,NA
"254","M",26,14,"cod","fish",0.789473684,0.01,"salmon",0.03,0.755102041,"common",NA,NA,"cod",NA,NA,NA,NA,NA,NA,NA,NA,NA,NA,NA,NA,NA,NA,NA,NA,NA,NA,NA,NA,"non-face","English",NA,NA,4,NA,NA
"255","M",25,15,"grater","cheese",0.804347826,NA,"cheddar",NA,NA,"metal",NA,NA,"grater",NA,NA,NA,NA,NA,NA,NA,NA,NA,NA,NA,NA,NA,NA,NA,NA,NA,NA,NA,NA,"non-face","English",NA,NA,4,NA,NA
"256","M",26,16,"brewery","barrels",NA,NA,"keg",NA,NA,"wine",NA,NA,"ale",NA,"0.03125","grape field",NA,NA,"brewery",NA,NA,NA,NA,NA,NA,NA,NA,NA,NA,NA,NA,NA,NA,"non-face","English",NA,NA,4,NA,NA
"257","M",25,17,"pepperoni","salami",0.04040404,NA,"slice",NA,NA,"pizza","0.747474747","0.09","pepperoni","0.09","0.747474747",NA,NA,NA,NA,NA,NA,NA,NA,NA,NA,NA,NA,NA,NA,NA,NA,NA,NA,"non-face","English",NA,NA,4,NA,NA
"258","M",26,18,"butcher","cleaver",0.03,NA,"butcher",NA,0.03,NA,NA,NA,NA,NA,NA,NA,NA,NA,NA,NA,NA,NA,NA,NA,NA,NA,NA,NA,NA,NA,NA,NA,NA,"non-face","English",NA,NA,4,NA,NA
"259","M",25,19,"blaze","inferno",NA,0.020618557,"blaze",0.020618557,NA,NA,NA,NA,NA,NA,NA,NA,NA,NA,NA,NA,NA,NA,NA,NA,NA,NA,NA,NA,NA,NA,NA,NA,NA,"non-face","English",NA,NA,4,NA,NA
"260","M",26,20,"sill","window",0.857142857,0.08,"sill",0.08,0.857142857,NA,NA,NA,NA,NA,NA,NA,NA,NA,NA,NA,NA,NA,NA,NA,NA,NA,NA,NA,NA,NA,NA,NA,NA,"non-face","English",NA,NA,4,NA,NA
"261","N",27,1,"yolk",NA,NA,NA,NA,NA,NA,NA,NA,NA,NA,NA,NA,NA,NA,NA,NA,NA,NA,NA,NA,NA,NA,NA,NA,NA,NA,NA,NA,NA,NA,"non-face","English","language translations, interference by different people","###discard, signaller said target out loud",4,"Central America?",NA
"262","N",28,2,"retina","eye",0.838383838,NA,"pupil",0.01,0.323232323,"interior",NA,NA,"iris",NA,NA,"non-visible",NA,NA,"retina",NA,NA,NA,NA,NA,NA,NA,NA,NA,NA,NA,NA,NA,NA,"non-face","English",NA,"#sig said as second cue first ""eye not visible""",4,"UK?",NA
"263","N",27,3,"acquaintance","colleague",0.041237113,NA,"acquaintance",NA,0.041237113,NA,NA,NA,NA,NA,NA,NA,NA,NA,NA,NA,NA,NA,NA,NA,NA,NA,NA,NA,NA,NA,NA,NA,NA,"non-face","English",NA,NA,4,NA,NA
"264","N",28,4,"affection","hugs",NA,NA,"affection",NA,NA,NA,NA,NA,NA,NA,NA,NA,NA,NA,NA,NA,NA,NA,NA,NA,NA,NA,NA,NA,NA,NA,NA,NA,NA,"non-face","English",NA,NA,4,NA,NA
"265","N",27,5,"crossword","puzzle",0.727272727,0.092783505,"jigsaw",0.113402062,0.785714286,"opposite",NA,NA,"conundrum",NA,NA,"X",NA,NA,"crossword",NA,NA,NA,NA,NA,NA,NA,NA,NA,NA,NA,NA,NA,NA,"non-face","English",NA,NA,4,NA,NA
"266","N",28,6,"bouquet","flowers",0.69,0.08,"bouquet",0.08,0.69,NA,NA,NA,NA,NA,NA,NA,NA,NA,NA,NA,NA,NA,NA,NA,NA,NA,NA,NA,NA,NA,NA,NA,NA,"non-face","English",NA,NA,4,NA,NA
"267","N",27,7,"crescent","circle",0.010416667,NA,"sun",NA,NA,"half moon",NA,NA,"crescent",NA,NA,NA,NA,NA,NA,NA,NA,NA,NA,NA,NA,NA,NA,NA,NA,NA,NA,NA,NA,"non-face","English",NA,NA,4,NA,NA
"268","N",28,8,"steed","horse",0.8,0.01,"stallion",NA,0.787878788,"riding",NA,NA,"steed",NA,NA,NA,NA,NA,NA,NA,NA,NA,NA,NA,NA,NA,NA,NA,NA,NA,NA,NA,NA,"non-face","English",NA,NA,4,NA,NA
"269","N",27,9,"bank","money",0.4,NA,"teller",NA,NA,"bank",NA,NA,NA,NA,NA,NA,NA,NA,NA,NA,NA,NA,NA,NA,NA,NA,NA,NA,NA,NA,NA,NA,NA,"non-face","English",NA,NA,4,NA,NA
"270","N",28,10,"occupation","profession",NA,0.03030303,"occupation",0.03030303,NA,NA,NA,NA,NA,NA,NA,NA,NA,NA,NA,NA,NA,NA,NA,NA,NA,NA,NA,NA,NA,NA,NA,NA,NA,"non-face","English",NA,NA,4,NA,NA
"271","N",27,11,"bulb","light",0.683673469,0.08,"lamp",0.02,0.656565657,"energy",NA,"0.01010101","bulb","0.01010101",NA,NA,NA,NA,NA,NA,NA,NA,NA,NA,NA,NA,NA,NA,NA,NA,NA,NA,NA,"non-face","English",NA,NA,4,NA,NA
"272","N",28,12,"cob","corn",0.855670103,0.171717172,"cob",0.171717172,0.855670103,NA,NA,NA,NA,NA,NA,NA,NA,NA,NA,NA,NA,NA,NA,NA,NA,NA,NA,NA,NA,NA,NA,NA,NA,"non-face","English",NA,NA,4,NA,NA
"273","N",27,13,"loaf","bread",0.82,0.05,"loaf",0.05,0.82,NA,NA,NA,NA,NA,NA,NA,NA,NA,NA,NA,NA,NA,NA,NA,NA,NA,NA,NA,NA,NA,NA,NA,NA,"non-face","English",NA,NA,4,NA,NA
"274","N",28,14,"cod","fish",0.789473684,0.01,"aquarium",0.01,0.72,"food",NA,NA,"sushi",NA,"0.03","white",NA,NA,"salmon",NA,NA,"fishfingers",NA,NA,"cod",NA,NA,NA,NA,NA,NA,NA,NA,"non-face","English",NA,NA,4,NA,NA
"275","N",27,15,"grater","cheese",0.804347826,NA,"cheddar",NA,NA,"shapes",NA,NA,"grater",NA,NA,NA,NA,NA,NA,NA,NA,NA,NA,NA,NA,NA,NA,NA,NA,NA,NA,NA,NA,"non-face","English",NA,NA,4,NA,NA
"276","N",28,16,"brewery","beers",NA,NA,"six pack",NA,NA,"factory",NA,NA,"brewery",NA,NA,NA,NA,NA,NA,NA,NA,NA,NA,NA,NA,NA,NA,NA,NA,NA,NA,NA,NA,"non-face","English",NA,NA,4,NA,NA
"277","N",27,17,"pepperoni","pizza",0.747474747,0.09,"slice",0.03,0.141414141,"black",NA,NA,"crust",NA,NA,"circle",NA,NA,"pepperoni",NA,NA,NA,NA,NA,NA,NA,NA,NA,NA,NA,NA,NA,NA,"non-face","English",NA,NA,4,NA,NA
"278","N",28,18,"butcher","knives",0.01,NA,"steak",NA,NA,"meat","0.53","0.01010101","butcher","0.01010101","0.53",NA,NA,NA,NA,NA,NA,NA,NA,NA,NA,NA,NA,NA,NA,NA,NA,NA,NA,"non-face","English",NA,NA,4,NA,NA
"279","N",27,19,"blaze","fire",0.723404255,0.01,"blaze",0.01,0.723404255,NA,NA,NA,NA,NA,NA,NA,NA,NA,NA,NA,NA,NA,NA,NA,NA,NA,NA,NA,NA,NA,NA,NA,NA,"non-face","English",NA,NA,4,NA,NA
"280","N",28,20,"sill","window",0.857142857,0.08,"pane",0.17,0.691489362,"bottom",NA,NA,"sill",NA,NA,NA,NA,NA,NA,NA,NA,NA,NA,NA,NA,NA,NA,NA,NA,NA,NA,NA,NA,"non-face","English",NA,"guesser said pane and glass as response at once",4,NA,NA
