pair,participant,round,target,first_cue,fas_tcfirst,bas_tcfirst,first_response,fas_crfirst,bas_crfirst,second_cue,fas_tcsecond,bas_tcsecond,second_response,fas_crsecond,bas_crsecond,third_cue,fas_tcthird,bas_tcthird,third_response,fas_crthird,bas_crthird,fourth_cue,fas_tcfourth,bas_tcfourth,fourth_response,fas_crfourth,bas_crfourth,fifth_cue,fas_tcfifth,bas_tcfifth,fifth_response,fas_crfifth,bas_crfifth,condition,language,ideas_whatexperimentabout,comments,version,country,
A,1,1,bank,vault,,,bank,0.26,0.02,na,na,na,na,na,na,,,,,,,,,,,,,,,,,,,face,English,#poviding more difficult cues as quite similar on target list? --> influence although  role switch,"#1st response ""pole"" because guesser forgot about target word list",1,UK (Ireland),
A,2,2,brewery,lager,,,ale,0.02,0.01,production,na,na,brewery,na,na,,,,,,,,,,,,,,,,,,,face,English,#so not solely about associations of words,"#forgot to start recording, only started from second cue word of second trial",1,UK (England),
A,1,3,sill,window,,,pane,0.17,0.69,ledge,0.04,na,sill,0.04,na,,,,,,,,,,,,,,,,,,,face,English,#about time(ing)?,"#for second trial, camera was accidentally for both on",1,,
A,2,4,cob,corn,,,maize,0.02,0.83,web,0.03,na,cob,0.03,na,,,,,,,,,,,,,,,,,,,face,English,,,1,,
A,1,5,retina,eye,,,iris,0.04,0.55,back,na,na,retina,na,na,,,,,,,,,,,,,,,,,,,face,English,,#back not directly related to target word,1,,
A,2,6,loaf,sourdough,,,yeast,,,meat,0.06,na,loaf,na,0.06,,,,,,,,,,,,,,,,,,,face,English,,,1,,
A,1,7,grater,cheese,,,fondue,,,shredder,0.01,na,grater,na,0.01,,,,,,,,,,,,,,,,,,,face,English,,,1,,
A,2,8,yolk,egg,,,omelette,,,runny,na,0.01,yolk,0.01,na,,,,,,,,,,,,,,,,,,,face,English,,,1,,
A,1,9,steed,stallion,,,steed,,,na,na,na,na,na,na,,,,,,,,,,,,,,,,,,,face,English,,,1,,
A,2,10,cod,battered,,,cod,,,na,na,na,na,na,na,,,,,,,,,,,,,,,,,,,face,English,,,1,,
A,1,11,pepperoni,feta,,,pepperoni,,,na,na,na,na,na,na,,,,,,,,,,,,,,,,,,,face,English,,,1,,
A,2,12,crossword,friptick,,,crossword,,,na,na,na,na,na,na,,,,,,,,,,,,,,,,,,,face,English,,,1,,
A,1,13,blaze,inferno,,,blaze,,,na,na,na,na,na,na,,,,,,,,,,,,,,,,,,,face,English,,,1,,
A,2,14,affection,care,,,affection,,,na,na,na,na,na,na,,,,,,,,,,,,,,,,,,,face,English,,,1,,
A,1,15,crescent,Islam,,,crescent,,,na,na,na,na,na,na,,,,,,,,,,,,,,,,,,,face,English,,,1,,
A,2,16,occupation,business,,,vocation,,,job,0.69,0.02,career,,,work,0.12,0.4,occupation,,,,,,,,,,,,,,,face,English,,"#before the 3rd cue signaller mumble sth like ""What are other synonyms"" - so correct guess could be affected by that after third cue!",1,,
A,1,17,bouquet,wedding,,,bouquet,,,na,na,na,na,na,na,na,na,na,na,,,,,,,,,,,,,,,face,English,,,1,,
A,2,18,acquaintance,casual,,,acquaintance,,,na,na,na,na,na,na,na,na,na,na,,,,,,,,,,,,,,,face,English,,,1,,
A,1,19,bulb,flower,,,bulb,,,na,na,na,na,na,na,na,na,na,na,,,,,,,,,,,,,,,face,English,,,1,,
A,2,20,butcher,cleaver,,,veal,,,mince,na,na,meat,,,counter,na,na,butcher,,,,,,,,,,,,,,,face,English,,"#guesser understood ""favour"" instead Ob ""cleaver"" as  the 1st cue for butcher",1,,
B,3,1,bank,money,,,cash,,,transaction,na,0.14,bank,0.14,na,na,na,na,na,,,,,,,,,,,,,,,non-face,English,#correlation to words,,1,Asis,bilingual (Chinese/English)
B,4,2,brewery,whiskey,,,keg,,,manufactual,na,na,brewery,na,na,na,na,na,na,,,,,,,,,,,,,,,non-face,English,#how accurate cues are(/more than right number of a cue??),,1,India,
B,3,3,sill,window,,,pane,,,edge,na,na,sill,na,na,na,na,na,na,,,,,,,,,,,,,,,non-face,English,,,1,,
B,4,4,cob,corn,,,cob,,,na,na,na,na,na,na,na,na,na,na,,,,,,,,,,,,,,,non-face,English,,,1,,
B,3,5,retina,eye,,,brow,,,lens,na,na,retina,na,na,na,na,na,na,,,,,,,,,,,,,,,non-face,English,,"#signaller mixed up rounds: so signaller said ""cheese"" - answer was ""brow"" and as a second cue signaller said ""kitchen"", I interrupted",1,,
B,4,6,loaf,bread,,,crumb,,,glube,na,na,yeast,,,large,na,na,loaf,,,,,,,,,,,,,,,non-face,English,,,1,,
B,3,7,grater,cheese,,,cheddar,,,kitchen,0.01,na,grater,na,0.01,na,na,na,na,,,,,,,,,,,,,,,non-face,English,,,1,,
B,4,8,yolk,yellow,,,yolk,,,na,na,na,na,na,na,na,na,na,na,,,,,,,,,,,,,,,non-face,English,,,1,,
B,3,9,steed,horse,,,stallion,,,sit,na,na,steed,na,na,na,na,na,na,,,,,,,,,,,,,,,non-face,English,,,1,,
B,4,10,cod,fish,,,aquarium,,,fried,na,0.05,salmon,,,breaded,na,na,cod,,,,,,,,,,,,,,,non-face,English,,,1,,
B,3,11,pepperoni,pizza,,,pepperoni,,,na,na,na,na,na,na,na,na,na,na,,,,,,,,,,,,,,,non-face,English,,,1,,
B,4,12,crossword,newspaper,,,crossword,,,na,na,na,na,na,na,na,na,na,na,,,,,,,,,,,,,,,non-face,English,,,1,,
B,3,13,blaze,fire,,,flare,,,bright,na,na,blaze,na,na,na,na,na,na,,,,,,,,,,,,,,,non-face,English,,,1,,
B,4,14,affection,confession,,,affection,,,na,na,na,na,na,na,na,na,na,na,,,,,,,,,,,,,,,non-face,English,,,1,,
B,3,15,crescent,moon,,,crescent,,,na,na,na,na,na,na,na,na,na,na,,,,,,,,,,,,,,,non-face,English,,,1,,
B,4,16,occupation,job,,,occupation,,,na,na,na,na,na,na,na,na,na,na,,,,,,,,,,,,,,,non-face,English,,,1,,
B,3,17,bouquet,flowers,,,petals,,,graduations,na,na,bouquet,na,na,na,na,na,na,,,,,,,,,,,,,,,non-face,English,,,1,,
B,4,18,acquaintance,co-worker,,,acquaintance,,,na,na,na,na,na,na,na,na,na,na,,,,,,,,,,,,,,,non-face,English,,,1,,
B,3,19,bulb,light,,,lantern,,,lamp,0.03,0.02,bulb,,,na,na,na,na,,,,,,,,,,,,,,,non-face,English,,,1,,
B,4,20,butcher,meat,,,butcher,,,na,na,na,na,na,na,na,na,na,na,,,,,,,,,,,,,,,non-face,English,,,1,,
C,5,1,pepperoni,pizza,,,pepperoni,,,,,,,,,,,,,,,,,,,,,,,,,,,face,English,#word associations,"#1st response ""Italian"" becuase forgot about list",2,UK?,
C,6,2,crescent,moon,,,crescent,,,,,,,,,,,,,,,,,,,,,,,,,,,face,English,,,2,USA,
C,5,3,yolk,egg,,,yolk,,,,,,,,,,,,,,,,,,,,,,,,,,,face,English,,,2,,
C,6,4,retina,eyeball,,,iris,,,cornier,na,na,retina,na,na,,,,,,,,,,,,,,,,,,,face,English,,#cornier probably related to previous response,2,,
C,5,5,bouquet,flowers,,,bouquet,,,,,,,,,,,,,,,,,,,,,,,,,,,face,English,,,2,,
C,6,6,loaf,bread,,,loaf,,,,,,,,,,,,,,,,,,,,,,,,,,,face,English,,,2,,
C,5,7,blaze,fire,,,blaze,,,,,,,,,,,,,,,,,,,,,,,,,,,face,English,,,2,,
C,6,8,sill,window,,,pane,,,edge,na,na,sill,,,,,,,,,,,,,,,,,,,,,face,English,,,2,,
C,5,9,acquaintance,friend,,,acquaintance,,,,,,,,,,,,,,,,,,,,,,,,,,,face,English,,,2,,
C,6,10,bank,money,,,cash,,,robber,0.04,0.12,bank,0.12,0.04,,,,,,,,,,,,,,,,,,,face,English,,,2,,
C,5,11,bulb,lamp,,,bulb,,,,,,,,,,,,,,,,,,,,,,,,,,,face,English,,"#""lamp"" on target list",2,,
C,6,12,brewery,beer,,,keg,,,yeast,na,na,brewery,na,na,,,,,,,,,,,,,,,,,,,face,English,,,2,,
C,5,13,occupation,job,,,occupation,,,,,,,,,,,,,,,,,,,,,,,,,,,face,English,,,2,,
C,6,14,cob,corn,,,kernel,,,small,,,maize,,,shoes,,,cob,,,,,,,,,,,,,,,face,English,,,2,,
C,5,15,cod,cape,,,cod,,,,,,,,,,,,,,,,,,,,,,,,,,,face,English,,,2,,
C,6,16,butcher,meats,,,butcher,,,,,,,,,,,,,,,,,,,,,,,,,,,face,English,,,2,,
C,5,17,affection,love,,,affection,,,,,,,,,,,,,,,,,,,,,,,,,,,face,English,,,2,,
C,6,18,steed,horse,,,foal,,,transportation,na,na,steed,na,na,na,,,,,,,,,,,,,,,,,,face,English,,,2,,
C,5,19,crossword,puzzle,,,jigsaw,,,clues,,,riddle,,,writing,,,crossword,,,,,,,,,,,,,,,face,English,,,2,,
C,6,20,grater,cheese,,,cheddar,,,nutmeg,,,grater,,,,,,,,,,,,,,,,,,,,,face,English,,,2,,
D,7,1,pepperoni,salami,,,pepperoni,,,,,,,,,,,,,,,,,,,,,,,,,,,non-face,English,,,2,UK(England),
D,8,2,crescent,moon,,,crescent,,,,,,,,,,,,,,,,,,,,,,,,,,,non-face,English,,,2,India,
D,7,3,yolk,egg,,,omelette,,,yellow,,,yolk,,,,,,,,,,,,,,,,,,,,,non-face,English,,,2,,
D,8,4,retina,eye,,,pupil,,,lens,na,na,retina,na,na,,,,,,,,,,,,,,,,,,,non-face,English,,,2,,
D,7,5,bouquet,flower,,,roses,,,arrangement,,,bouquet,,,,,,,,,,,,,,,,,,,,,non-face,English,,,2,,
D,8,6,loaf,bread,,,loaf,,,,,,,,,,,,,,,,,,,,,,,,,,,non-face,English,,,2,,
D,7,7,blaze,fire,,,combustion,,,wildfire,0.01,na,blaze,na,0.01,,,,,,,,,,,,,,,,,,,non-face,English,,,2,,
D,8,8,sill,window,,,glass,,,frame,,,sill,,,,,,,,,,,,,,,,,,,,,non-face,English,,,2,,
D,7,9,acquaintance,friend,,,acquaintance,,,,,,,,,,,,,,,,,,,,,,,,,,,non-face,English,,,2,,
D,8,10,bank,money,,,cash,,,building,na,na,bank,na,na,,,,,,,,,,,,,,,,,,,non-face,English,,,2,,
D,7,11,bulb,light,,,illumination,,,electric,0.01,0.02,bulb,,,,,,,,,,,,,,,,,,,,,non-face,English,,,2,,
D,8,12,brewery,beer,,,brewery,,,,,,,,,,,,,,,,,,,,,,,,,,,non-face,English,,,2,,
D,7,13,occupation,job,,,work,,,work,,,occupation,,,,,,,,,,,,,,,,,,,,,non-face,English,,"#sig accidentally provided response ""work"" also as a cue and then it was correct",2,,
D,8,14,cob,corn,,,kernel,,,on,,,husk,,,long,,,cob,,,,,,,,,,,,,,,non-face,English,,,2,,
D,7,15,cod,fish,,,salmon,,,white fish,,,cod,,,,,,,,,,,,,,,,,,,,,non-face,English,,,2,,
D,8,16,butcher,cutter,,,butcher,,,,,,,,,,,,,,,,,,,,,,,,,,,non-face,English,,,2,,
D,7,17,affection,love,,,affection,,,,,,,,,,,,,,,,,,,,,,,,,,,non-face,English,,,2,,
D,8,18,steed,mighty,,,steed,,,,,,,,,,,,,,,,,,,,,,,,,,,non-face,English,,,2,,
D,7,19,crossword,cryptic,,,conundrum,,,word puzzle,,,riddle,,,grid,,,crossword,,,,,,,,,,,,,,,non-face,English,,,2,,
D,8,20,grater,cheese,,,grater,,,,,,,,,,,,,,,,,,,,,,,,,,,non-face,English,,,2,,
E,9,1,pepperoni,salami,,,pepperoni,,,,,,,,,,,,,,,,,,,,,,,,,,,face,English,word cloud and predictions; if we can formulate  compound words; assocaitions,,2,UK,
E,10,2,crescent,moon,,,sun,,,street,0.02,na,crescent,na,0.02,,,,,,,,,,,,,,,,,,,face,English,,,2,UK,
E,9,3,yolk,egg,,,nog,,,yellow,0.02,na,yolk,na,0.02,,,,,,,,,,,,,,,,,,,face,English,,,2,,
E,10,4,retina,eye,,,brow,,,optical,na,0.01,pupil,na,na,sight,na,na,retina,na,na,,,,,,,,,,,,,face,English,,,2,,
E,9,5,bouquet,flowers,,,roses,,,bunch,na,na,bouquet,na,na,,,,,,,,,,,,,,,,,,,face,English,,,2,,
E,10,6,loaf,bread,,,baguette,,,sugar,na,na,yeast,na,na,baking,na,na,bakery,na,na,banana,na,na,loaf,na,na,,,,,,,face,English,,,2,,
E,9,7,blaze,fire,,,combustion,,,uncontrolled,na,na,blaze,na,na,,,,,,,,,,,,,,,,,,,face,English,,,2,,
E,10,8,sill,na,,,na,,,na,na,na,na,,,,,,,,,,,,,,,,,,,,,face,English,,"sig acc. Said target word out loud, so need to discard trial",2,,
E,9,9,acquaintance,unfamiliar,,,acquaintance,,,,,,,,,,,,,,,,,,,,,,,,,,,face,English,,,2,,
E,10,10,bank,heist,,,bank,,,,,,,,,,,,,,,,,,,,,,,,,,,face,English,,,2,,
E,9,11,bulb,leish,,,bulb,,,,,,,,,,,,,,,,,,,,,,,,,,,face,English,,,2,,
E,10,12,brewery,beer,,,six pack,,,yeast,na,na,brewery,na,na,,,,,,,,,,,,,,,,,,,face,English,,,2,,
E,9,13,occupation,position,,,occupation,,,,,,,,,,,,,,,,,,,,,,,,,,,face,English,,,2,,
E,10,14,cob,corn,,,cob,,,,,,,,,,,,,,,,,,,,,,,,,,,face,English,,,2,,
E,9,15,cod,deepfried,,,cod,,,,,,,,,,,,,,,,,,,,,,,,,,,face,English,,,2,,
E,10,16,butcher,abattoir,,,veal,,,meat,0.53,0.01,steak,0.08,0.33,business,na,na,butcher,na,na,,,,,,,,,,,,,face,English,,,2,,
E,9,17,affection,gestures,,,affection,,,,,,,,,,,,,,,,,,,,,,,,,,,face,English,,"#wrong round, 19; guesser already knew it's not adoration",2,,
E,10,18,steed,noble,,,steed,,,,,,,,,,,,,,,,,,,,,,,,,,,face,English,,,2,,
E,9,19,crossword,cross,,,crossword,,,,,,,,,,,,,,,,,,,,,,,,,,,face,English,,"#sig. Repeated words from 17, #cross as cue is part of the target word.",2,,
E,10,20,grater,cheese,,,grater,,,,,,,,,,,,,,,,,,,,,,,,,,,face,English,,,2,,
F,11,1,blaze,fire,,,blaze,,,,,,,,,,,,,,,,,,,,,,,,,,,face,English,"word associations, how certain words associated with other words/which word associated first/connection certain words with mental image (why this and not that..)",,3,South Africa,
F,12,2,bank,money,,,cash,,,savings,0.01,0.18,finances,,na,building,na,na,bank,na,na,,,,,,,,,,,,,face,English,,,3,India,
F,11,3,loaf,bread,,,loaf,,,,,,,,,,,,,,,,,,,,,,,,,,,face,English,,,3,,
F,12,4,yolk,egg,,,yolk,,,,,,,,,,,,,,,,,,,,,,,,,,,face,English,,,3,,
F,11,5,occupation,job,,,work,,,profession,na,0.03,career,0.08,0.03,vocation,0.01,na,occupation,na,0.01,,,,,,,,,,,,,face,English,,,3,,
F,12,6,cod,fish,,,salmon,,,dinner,na,na,sushi,na,na,big,na,na,cod,na,na,,,,,,,,,,,,,face,English,,,3,,
F,11,7,steed ,horse,,,stallion,,,riding,na,na,steed,na,na,,,,,,,,,,,,,,,,,,,face,English,,,3,,
F,12,8,retina,eyeball,,,pupil,,,sensitive,na,na,retina,na,na,,,,,,,,,,,,,,,,,,,face,English,,,3,,
F,11,9,pepperoni,sausage,,,pepperoni,,,,,,,,,,,,,,,,,,,,,,,,,,,face,English,,,3,,
F,12,10,sill,window,,,shelf,,,pane,na,na,sill,na,na,,,,,,,,,,,,,,,,,,,face,English,,,3,,
F,11,11,butcher,meat,,,steak,,,shop,na,na,butcher,na,na,,,,,,,,,,,,,,,,,,,face,English,,,3,,
F,12,12,grater,cheese,,,cheddar,,,"shredding, but grter shredder is .01!",na,na,grater,na,na,,,,,,,,,,,,,,,,,,,face,English,,,3,,
F,11,13,acquaintance,friend,,,buddy,,,associate,na,0.01,acquaintance,0.01,na,,,,,,,,,,,,,,,,,,,face,English,,,3,,
F,12,14,crescent,moon,,,crescent,,,,,,,,,,,,,,,,,,,,,,,,,,,face,English,,,3,,
F,11,15,bulb,light,,,lamp,,,spherical,na,na,bulb,na,na,,,,,,,,,,,,,,,,,,,face,English,,,3,,
F,12,16,bouquet,flowers,,,bouquet,,,,,,,,,,,,,,,,,,,,,,,,,,,face,English,,,3,,
F,11,17,crossword,puzzle,,,jigsaw,,,newspaper,0.03,0.01,crossword,0.01,0.03,,,,,,,,,,,,,,,,,,,face,English,,,3,,
F,12,18,cob,web,,,cob,,,,,,,,,,,,,,,,,,,,,,,,,,,face,English,,,3,,
F,11,19,brewery,beer,,,lager,,,building,na,na,brewery,na,na,,,,,,,,,,,,,,,,,,,face,English,,,3,,
F,12,20,affection,love,,,affection,,,,,,,,,,,,,,,,,,,,,,,,,,,face,English,,,3,,
G,13,1,blaze,fire,,,blaze,,,,,,,,,,,,,,,,,,,,,,,,,,,non-face,English,1st word coming into head; about different parts of words/functions of words,,3,India,
G,14,2,bank,deposit,,,bank,,,,,,,,,,,,,,,,,,,,,,,,,,,non-face,English,"signaller 14 got quickly that words rather similar and thus a fully discrim. Attribute is a good cue, such as ""crescent"" -""finger nail"" etc.",,3,UK,
G,13,3,loaf,bread,,,loaf,,,,,,,,,,,,,,,,,,,,,,,,,,,non-face,English,,,3,,
G,14,4,yolk,egg,,,nog,,,center,na,na,yolk,na,na,,,,,,,,,,,,,,,,,,,non-face,English,,"#""center"" based on previous word..",3,,
G,13,5,occupation,job,,,occupation,,,,,,,,,,,,,,,,,,,,,,,,,,,non-face,English,,,3,,
G,14,6,cod,fish,,,salmon,,,plant,na,na,sushi,na,na,finger,na,na,fin,na,na,chips,na,na,cod,na,na,na,na,,,,,non-face,English,,,3,,
G,13,7,steed ,horse,,,pony,,,female,na,na,mare,na,0.01,riding,na,na,steed,,,,,,,,,,,,,,,non-face,English,,"#sig. Didn't know what ""steed"" means so I wrote in the private chat",3,,
G,14,8,retina,eye,,,pupil,,,nerve,na,na,retina,na,na,,,,,,,,,,,,,,,,,,,non-face,English,,"#answers sent as privat message to me, realized that sig. Could not see it for that trial",3,,
G,13,9,pepperoni,pizza,,,slice,,,round,na,na,pepperoni,na,na,,,,,,,,,,,,,,,,,,,non-face,English,,"#""round"" based on previous words…",3,,
G,14,10,sill,ledge,,,sill,,,,,,,,,,,,,,,,,,,,,,,,,,,non-face,English,,,3,,
G,13,11,butcher,meat,,,steak,,,cutter,na,na,butcher,na,na,,,,,,,,,,,,,,,,,,,non-face,English,,,3,,
G,14,12,grater,"shredding; shredder:.01, na; same as shredding!",,,grater,,,,,,,,,,,,,,,,,,,,,,,,,,,non-face,English,,,3,,
G,13,13,acquaintance,friend,,,buddy,,,common,na,na,acquaintance,na,na,,,,,,,,,,,,,,,,,,,non-face,English,,,3,,
G,14,14,crescent,finger nail,,,crescent,,,,,,,,,,,,,,,,,,,,,,,,,,,non-face,English,,,3,,
G,13,15,bulb,source,,,beacon,,,light,0.68,0.08,lamp,na,0.66,round (for rounded: FAS.01),na,0.03,bulb,0.03,na,,,,,,,,,,,,,non-face,English,,"#""round"" again based on previous words…",3,,
G,14,16,bouquet,assortment,,,bouquet,,,,,,,,,,,,,,,,,,,,,,,,,,,non-face,English,,,3,,
G,13,17,crossword,puzzle,,,jigsaw,,,words,0.04,0.01,riddle,,,newspaper,,,crossword,,,,,,,,,,,,,,,non-face,English,,"#sig.: said ""words"" as cue which is within ""words"" + said ""criss cross"" first, guesser couldn't hear it and then signaller said another cue word ",3,,
G,14,18,cob,corn,,,cob,,,,,,,,,,,,,,,,,,,,,,,,,,,non-face,English,,,3,,
G,13,19,brewery,beer,,,lager,,,creating,na,na,brewery,na,na,,,,,,,,,,,,,,,,,,,non-face,English,,"#sig. Wasn't sure about the word; ""creating"" again based on previous words",3,,
G,14,20,affection,fondness,,,attraction,,,herently,na,na,affection,na,na,,,,,,,,,,,,,,,,,,,non-face,English,,,3,,
H,15,1,blaze,fire,,,blaze,,,,,,,,,,,,,,,,,,,,,,,,,,,face,English,,,3,UK/US?,
H,16,2,bank,robbery,,,bank,,,,,,,,,,,,,,,,,,,,,,,,,,,face,English,word associations; which pictures comes into mind,#signaller also said wind,3,UK,
H,15,3,loaf,bread,,,baguette,,,lazy,,na,loaf,,0.01,,,,,,,,,,,,,,,,,,,face,English,,,3,,
H,16,4,yolk,nucleus,,,yolk,,,,,,,,,,,,,,,,,,,,,,,,,,,face,English,,,3,,
H,15,5,occupation,job,,,occupation,,,,,,,,,,,,,,,,,,,,,,,,,,,face,English,,,3,,
H,16,6,cod,code,,,cod,,,,,,,,,,,,,,,,,,,,,,,,,,,face,English,,,3,,
H,15,7,steed ,horse,,,steed,,,,,,,,,,,,,,,,,,,,,,,,,,,face,English,,,3,,
H,16,8,retina,hard,,,blink,,,lens,,,iris,,0.01,patina,,,retina,,,,,,,,,,,,,,,face,English,,,3,,
H,15,9,pepperoni,pizza,,,pepperoni,,,,,,,,,,,,,,,,,,,,,,,,,,,face,English,,,3,,
H,16,10,sill,window,,,pane,,,still,,,sill,,,,,,,,,,,,,,,,,,,,,face,English,,"#signaller often said cues that are similar to the target in pronunciation, not in meaning - as it is difficult to find AS for these, I told him to better refer it to meaning",3,,
H,15,11,butcher,meat,,,butcher,,,,,,,,,,,,,,,,,,,,,,,,,,,face,English,,,3,,
H,16,12,grater,cheese,,,Cheddar,,,parmesan,,,grater,,,,,,,,,,,,,,,,,,,,,face,English,,,3,,
H,15,13,acquaintance,friend,,,buddy,,,colleague,,,acquaintance,,0.04,,,,,,,,,,,,,,,,,,,face,English,,"#sig. Said ""friend of me"" before ""colleague"" (2nd cue)",3,,
H,16,14,crescent,moon,,,eclipse,,,fertile,,0.03,crescent,0.03,na,,,,,,,,,,,,,,,,,,,face,English,,#from this trial on the guesser's face cannot be seen that clearly any more because it's dark in the room,3,,
H,15,15,bulb,light,,,illumination,,,lamp,,0.02,lantern,na,0.08,LED,,,bulb,na,na,,,,,,,,,,,,,face,English,,,3,,
H,16,16,bouquet,floral,,,bouquet,,,,,,,,,,,,,,,,,,,,,,,,,,,face,English,,,3,,
H,15,17,crossword,puzzle,,,jigsaw,,,letters,,,crossword,na,0.01,,,,,,,,,,,,,,,,,,,face,English,,,3,,
H,16,18,cob,web,,,cob,,,,,,,,,,,,,,,,,,,,,,,,,,,face,English,,,3,,
H,15,19,brewery,beer,,,ale,,,ferment,,,brewery,na,na,,,,,,,,,,,,,,,,,,,face,English,,,3,,
H,16,20,affection,smuggles,,,affection,,,,,,,,,,,,,,,,,,,,,,,,,,,face,English,,"#snuggles would make more sense, but I'm pretty sure she said ""smuggles""; na for either",3,,
I,17,1,bank,account,,,money,,,building,,,cash,,,river,,,bank,,,,,,,,,,,,,,,face,English,,,1,UK,
I,18,2,brewery,alcohol,,,lager,,,fermenting,,,keg,,,distillery,,,brewery,,,,,,,,,,,,,,,face,English,,,1,Central America?,
I,17,3,sill,window,,,curtain,,,ledge,,,pane,,,outside,,,glass,,,stone,,,sill,,,,,,,,,face,English,,,1,,
I,18,4,cob,melis,,,kernel,,,corn bread,,,maize,,,grains,,,husk,,,cornflakes,,,cob,,,,,,,,,face,English,,,1,,
I,17,5,retina,eye,,,iris,,,skin,,,brow,,,inside,,,pupil,,,light,,,retina,,,,,,,,,face,English,,,1,,
I,18,6,loaf,bread,,,loaf,,,,,,,,,,,,,,,,,,,,,,,,,,,face,English,,,1,,
I,17,7,grater,cheese,,,cheddar,,,metal,,,grater,,,,,,,,,,,,,,,,,,,,,face,English,,,1,,
I,18,8,yolk,egg,,,yolk,,,,,,,,,,,,,,,,,,,,,,,,,,,face,English,,,1,,
I,17,9,steed,horse,,,stallion,,,trusty,,,pony,,,bride,,,steed,,,,,,,,,,,,,,,face,English,,,1,,
I,18,10,cod,rob,,,sushi,,,fish,,,salmon,,,salmon,,,cod,,,,,,,,,,,,,,,face,English,,#salmon as answer and cue,1,,
I,17,11,pepperoni,pizza,,,pepperoni,,,,,,,,,,,,,,,,,,,,,,,,,,,face,English,,,1,,
I,18,12,crossword,puzzle,,,pieces,,,Scrabble,,,crossword,,,,,,,,,,,,,,,,,,,,,face,English,,,1,,
I,17,13,blaze,fire,,,blaze,,,,,,,,,,,,,,,,,,,,,,,,,,,face,English,,,1,,
I,18,14,affection,love,,,adoration,,,expressive,,,darling,,,loving,,,affection,,,,,,,,,,,,,,,face,English,,"#sig. Mumbled touchy and said clingy, guesser couldn't understand it and then sig. Said ""expressive"" as a cue",1,,
I,17,15,crescent,moon,,,sun,,,croissant,,,crescent,,,,,,,,,,,,,,,,,,,,,face,English,,,1,,
I,18,16,occupation,job title,,,occupation,,,,,,,,,,,,,,,,,,,,,,,,,,,face,English,,,1,,
I,17,17,bouquet,wedding,,,bouquet,,,,,,,,,,,,,,,,,,,,,,,,,,,face,English,,,1,,
I,18,18,acquaintance,friend,,,buddy,,,colleague,,,ally,,,workmate,,,acquaintance,,,,,,,,,,,,,,,face,English,,,1,,
I,17,19,bulb,light,,,bulb,,,,,,,,,,,,,,,,,,,,,,,,,,,face,English,,,1,,
I,18,20,butcher,meat,,,veal,,,abattoir,,,butcher,,,,,,,,,,,,,,,,,,,,,face,English,,,1,,
J,19,1,blaze,fire,,,blaze,,,,,,,,,,,,,,,,,,,,,,,,,,,non-face,English,,,3,UK,
J,20,2,bank,money,,,cash,,,withdraw,,,bank,,,,,,,,,,,,,,,,,,,,,non-face,English,,,3,Canada,
J,19,3,loaf,bread,,,bakery,,,bake,,,loaf,,,,,,,,,,,,,,,,,,,,,non-face,English,,,3,,
J,20,4,yolk,egg,,,hatch,,,orange,,,yolk,,,,,,,,,,,,,,,,,,,,,non-face,English,,,3,,
J,19,5,occupation,army,,,occupation,,,,,,,,,,,,,,,,,,,,,,,,,,,non-face,English,,,3,,
J,20,6,cod,fish,,,aquarium,,,species,,,cod,,,,,,,,,,,,,,,,,,,,,non-face,English,,,3,,
J,19,7,steed,noble,,,stallion,,,mighty,,,steed,,,,,,,,,,,,,,,,,,,,,non-face,English,,,3,,
J,20,8,retina,eye,,,brow,,,vision,,,retina,,,,,,,,,,,,,,,,,,,,,non-face,English,,,3,,
J,19,9,pepperoni,pizza,,,slice,,,sausage,,,pepperoni,,,,,,,,,,,,,,,,,,,,,non-face,English,,,3,,
J,20,10,sill,frame,,,pane,,,rational,,,sill,,,,,,,,,,,,,,,,,,,,,non-face,English,,,3,,
J,19,11,butcher,hook,,,butcher,,,,,,,,,,,,,,,,,,,,,,,,,,,non-face,English,,,3,,
J,20,12,grater,cheese,,,cheddar,,,grind,,,grater,,,,,,,,,,,,,,,,,,,,,non-face,English,,,3,,
J,19,13,acquaintance,friendly,,,ally,,,business,,,acquaintance,,,,,,,,,,,,,,,,,,,,,non-face,English,,,3,,
J,20,14,crescent,moon,,,crescent,,,,,,,,,,,,,,,,,,,,,,,,,,,non-face,English,,,3,,
J,19,15,bulb, garlic,,,illumination,,,light,,,bulb,,,,,,,,,,,,,,,,,,,,,non-face,English,,,3,,
J,20,16,bouquet,flowers,,,bouquet,,,,,,,,,,,,,,,,,,,,,,,,,,,non-face,English,,,3,,
J,19,17,crossword,The Financial Times,,,conundrum,,,puzzle,,,pieces,,,words,,,crossword,,,,,,,,,,,,,,,non-face,English,,,3,,
J,20,18,cob,corn,,,cob,,,,,,,,,,,,,,,,,,,,,,,,,,,non-face,English,,,3,,
J,19,19,brewery,beer,,,brewery,,,,,,,,,,,,,,,,,,,,,,,,,,,non-face,English,,,3,,
J,20,20,affection,fondness,,,affection,,,,,,,,,,,,,,,,,,,,,,,,,,,non-face,English,,,3,,
K,21,1,pepperoni,pizza,,,pepperoni,,,,,,,,,,,,,,,,,,,,,,,,,,,non-face,English,#word associations,#sig. Said pizza and meat,2,UK(Ireland),
K,22,2,crescent,moon,,,eclipse,,,shape,,,crescent,,,,,,,,,,,,,,,,,,,,,non-face,English,,,2,UK,
K,21,3,yolk,egg,,,yolk,,,,,,,,,,,,,,,,,,,,,,,,,,,non-face,English,,,2,,
K,22,4,retina,eye,,,pupil,,,small,,,yolk,,,,,,,,,,,,,,,,,,,,,non-face,English,,,2,,
K,21,5,bouquet,flowers,,,roses,,,bunch,,,bouquet,,,,,,,,,,,,,,,,,,,,,non-face,English,,,2,,
K,22,6,laof,bread,,,loaf,,,,,,,,,,,,,,,,,,,,,,,,,,,non-face,English,,,2,,
K,21,7,blaze,fire,,,blaze,,,,,,,,,,,,,,,,,,,,,,,,,,,non-face,English,,,2,,
K,22,8,sill,window,,,glass,,,ledge,,,sill,,,,,,,,,,,,,,,,,,,,,non-face,English,,,2,,
K,21,9,acquaintance,associate,,,acquaintance,,,,,,,,,,,,,,,,,,,,,,,,,,,non-face,English,,,2,,
K,22,10,bank,money,,,cash,,,robber,,,bank,,,,,,,,,,,,,,,,,,,,,non-face,English,,,2,,
K,21,11,bulb,light,,,illumination,,,round,,,bulb,,,,,,,,,,,,,,,,,,,,,non-face,English,,,2,,
K,22,12,brewery,witch,,,ale,,,beer,,,keg,,,making,,,brewery,,,,,,,,,,,,,,,non-face,English,,,2,,
K,21,13,occupation,job,,,occupation,,,,,,,,,,,,,,,,,,,,,,,,,,,non-face,English,,,2,,
K,22,14,cob,corn,,,cob,,,,,,,,,,,,,,,,,,,,,,,,,,,non-face,English,,,2,,
K,21,15,cod,fish,,,aquarium,,,stick,,,salmon,,,white,,,cod,,,,,,,,,,,,,,,non-face,English,,,2,,
K,22,16,butcher,meat,,,butcher,,,,,,,,,,,,,,,,,,,,,,,,,,,non-face,English,,,2,,
K,21,17,affection,love,,,affection,,,,,,,,,,,,,,,,,,,,,,,,,,,non-face,English,,,2,,
K,22,18,steed,holt,,,steed,,,,,,,,,,,,,,,,,,,,,,,,,,,non-face,English,,,2,,
K,21,19,crossword,puzzle,,,jigsaw,,,numbers,,,conundrum,,,clues,,,crossword,,,,,,,,,,,,,,,non-face,English,,,2,,
K,22,20,grater,cheese,,,grater,,,,,,,,,,,,,,,,,,,,,,,,,,,non-face,English,,,2,,
L,23,1,yolk,egg,,,yolk,,,,,,,,,,,,,,,,,,,,,,,,,,,face,English,"associations: what first comes into one's mind; to do with that assocs are common words as opposed to responses which rather similar/circumscribed, e.g. cod--> fish (on list could be salmon, aquarium, cod etc)",,4,South Africa,
L,24,2,retina,eye,,,pupil,,,lense,,,retina,,,,,,,,,,,,,,,,,,,,,face,English,,"#guesser: said glasses as second response, but not on list and then signaller said another cue (lense-->glasses-->screen -->)",4,UK,
L,23,3,acquaintance,associate,,,acquaintance,,,,,,,,,,,,,,,,,,,,,,,,,,,face,English,,,4,,
L,24,4,affection,love,,,infatuation,,,relationship,,,affection,,,,,,,,,,,,,,,,,,,,,face,English,,,4,,
L,23,5,crossword,puzzle,,,jigsaw,,,word game,,,crossword,,,,,,,,,,,,,,,,,,,,,face,English,,,4,,
L,24,6,bouquet,flowers,,,roses,,,roses,,,bouquet,,,,,,,,,,,,,,,,,,,,,face,English,,signaller said roses as second cue althought it was also second response,4,,
L,23,7,crescent,moon,,,midnight,,,shape,,,crescent,,,,,,,,,,,,,,,,,,,,,face,English,,,4,,
L,24,8,steed,horse,,,pony,,,riding,,,stallion,,,stud,,,steed,,,,,,,,,,,,,,,face,English,,,4,,
L,23,9,bank,deposit,,,bank,,,,,,,,,,,,,,,,,,,,,,,,,,,face,English,,,4,,
L,24,10,occupation,job,,,occupation,,,,,,,,,,,,,,,,,,,,,,,,,,,face,English,,,4,,
L,23,11,bulb,light,,,bulb,,,,,,,,,,,,,,,,,,,,,,,,,,,face,English,,,4,,
L,24,12,cob,cylinder,,,cob,,,,,,,,,,,,,,,,,,,,,,,,,,,face,English,,,4,,
L,23,13,loaf,bread,,,loaf,,,,,,,,,,,,,,,,,,,,,,,,,,,face,English,,,4,,
L,24,14,cod,fish,,,salmon,,,game,,,aquarium,,,oil,,,sushi,,,Atlantic,,,cod,,,,,,,,,face,English,,,4,,
L,23,15,grater,cheese,,,cheddar,,,shredding,,,grater,,,,,,,,,,,,,,,,,,,,,face,English,,,4,,
L,24,16,brewery,beer,,,brewery,,,,,,,,,,,,,,,,,,,,,,,,,,,face,English,,,4,,
L,23,17,pepperoni,pizza,,,slice,,,pepper,,,pepperoni,,,,,,,,,,,,,,,,,,,,,face,English,,,4,,
L,24,18,butcher,meat,,,meat,,,family,,,food,,,counter,,,steak,,,animals,,,veal,,,raw,,,butcher,,,face,English,,#signaller said meat and guesser guessed meat (was on the list and probably thought it is the target word..),4,,
L,23,19,blaze,forest,,,blaze,,,,,,,,,,,,,,,,,,,,,,,,,,,face,English,,,4,,
L,24,20,sill,window,,,glass,,,horizontal,,,curtain,,,shelf,,,sill,,,,,,,,,,,,,,,face,English,,,4,,
M,25,1,yolk,egg,,,yolk,,,,,,,,,,,,,,,,,,,,,,,,,,,non-face,English,"word associations, linguistic meanings",,4,US,
M,26,2,retina,eyeball,,,retina,,,,,,,,,,,,,,,,,,,,,,,,,,,non-face,English,,,4,US,
M,25,3,acquaintance,friend,,,buddy,,,familiar,,,acquaintance,,,,,,,,,,,,,,,,,,,,,non-face,English,,,4,,
M,26,4,affection,loving,,,affection,,,,,,,,,,,,,,,,,,,,,,,,,,,non-face,English,,,4,,
M,25,5,crossword,puzzle,,,jigsaw,,,newspaper,,,crossword,,,,,,,,,,,,,,,,,,,,,non-face,English,,,4,,
M,26,6,bouquet,roses,,,petals,,,romantic,,,bouquet,,,,,,,,,,,,,,,,,,,,,non-face,English,,,4,,
M,25,7,crescent,moon,,,eclipse,,,Islam,,,crescent,,,,,,,,,,,,,,,,,,,,,non-face,English,,,4,,
M,26,8,steed,might,,,steed,,,,,,,,,,,,,,,,,,,,,,,,,,,non-face,English,,,4,,
M,25,9,bank,vault,,,bank,,,,,,,,,,,,,,,,,,,,,,,,,,,non-face,English,,,4,,
M,26,10,occupation,job,,,work,,,career,,,occupation,,,,,,,,,,,,,,,,,,,,,non-face,English,,,4,,
M,25,11,bulb,tulip,,,bulb,,,,,,,,,,,,,,,,,,,,,,,,,,,non-face,English,,,4,,
M,26,12,cob,corn,,,maize,,,web,,,cob,,,,,,,,,,,,,,,,,,,,,non-face,English,,,4,,
M,25,13,loaf,lazy,,,loaf,,,,,,,,,,,,,,,,,,,,,,,,,,,non-face,English,,,4,,
M,26,14,cod,fish,,,salmon,,,common,,,cod,,,,,,,,,,,,,,,,,,,,,non-face,English,,,4,,
M,25,15,grater,cheese,,,cheddar,,,metal,,,grater,,,,,,,,,,,,,,,,,,,,,non-face,English,,,4,,
M,26,16,brewery,barrels,,,keg,,,wine,,,ale,,,grape field,,,brewery,,,,,,,,,,,,,,,non-face,English,,,4,,
M,25,17,pepperoni,salami,,,slice,,,pizza,,,pepperoni,,,,,,,,,,,,,,,,,,,,,non-face,English,,,4,,
M,26,18,butcher,cleaver,,,butcher,,,,,,,,,,,,,,,,,,,,,,,,,,,non-face,English,,,4,,
M,25,19,blaze,inferno,,,blaze,,,,,,,,,,,,,,,,,,,,,,,,,,,non-face,English,,,4,,
M,26,20,sill,window,,,sill,,,,,,,,,,,,,,,,,,,,,,,,,,,non-face,English,,,4,,
N,27,1,yolk,,,,,,,,,,,,,,,,,,,,,,,,,,,,,,,non-face,English,"language translations, interference by different people","###discard, signaller said target out loud",4,Central America?,
N,28,2,retina,eye,,,pupil,,,interior,,,iris,,,non-visible,,,retina,,,,,,,,,,,,,,,non-face,English,,"#sig said as second cue first ""eye not visible""",4,UK?,
N,27,3,acquaintance,colleague,,,acquaintance,,,,,,,,,,,,,,,,,,,,,,,,,,,non-face,English,,,4,,
N,28,4,affection,hugs,,,affection,,,,,,,,,,,,,,,,,,,,,,,,,,,non-face,English,,,4,,
N,27,5,crossword,puzzle,,,jigsaw,,,opposite,,,conundrum,,,X,,,crossword,,,,,,,,,,,,,,,non-face,English,,,4,,
N,28,6,bouquet,flowers,,,bouquet,,,,,,,,,,,,,,,,,,,,,,,,,,,non-face,English,,,4,,
N,27,7,crescent,circle,,,sun,,,half moon,,,crescent,,,,,,,,,,,,,,,,,,,,,non-face,English,,,4,,
N,28,8,steed,horse,,,stallion,,,riding,,,steed,,,,,,,,,,,,,,,,,,,,,non-face,English,,,4,,
N,27,9,bank,money,,,teller,,,bank,,,,,,,,,,,,,,,,,,,,,,,,non-face,English,,,4,,
N,28,10,occupation,profession,,,occupation,,,,,,,,,,,,,,,,,,,,,,,,,,,non-face,English,,,4,,
N,27,11,bulb,light,,,lamp,,,energy,,,bulb,,,,,,,,,,,,,,,,,,,,,non-face,English,,,4,,
N,28,12,cob,corn,,,cob,,,,,,,,,,,,,,,,,,,,,,,,,,,non-face,English,,,4,,
N,27,13,loaf,bread,,,loaf,,,,,,,,,,,,,,,,,,,,,,,,,,,non-face,English,,,4,,
N,28,14,cod,fish,,,aquarium,,,food,,,sushi,,,white,,,salmon,,,fishfingers,,,cod,,,,,,,,,non-face,English,,,4,,
N,27,15,grater,cheese,,,cheddar,,,shapes,,,grater,,,,,,,,,,,,,,,,,,,,,non-face,English,,,4,,
N,28,16,brewery,beers,,,six pack,,,factory,,,brewery,,,,,,,,,,,,,,,,,,,,,non-face,English,,,4,,
N,27,17,pepperoni,pizza,,,slice,,,black,,,crust,,,circle,,,pepperoni,,,,,,,,,,,,,,,non-face,English,,,4,,
N,28,18,butcher,knives,,,steak,,,meat,,,butcher,,,,,,,,,,,,,,,,,,,,,non-face,English,,,4,,
N,27,19,blaze,fire,,,blaze,,,,,,,,,,,,,,,,,,,,,,,,,,,non-face,English,,,4,,
N,28,20,sill,window,,,pane,,,bottom,,,sill,,,,,,,,,,,,,,,,,,,,,non-face,English,,guesser said pane and glass as response at once,4,,
