"","pair","participant","round","target","first_cue","fas_tcfirst","bas_tcfirst","first_response","fas_crfirst","bas_crfirst","second_cue","fas_tcsecond","bas_tcsecond","second_response","fas_crsecond","bas_crsecond","third_cue","fas_tcthird","bas_tcthird","third_response","fas_crthird","bas_crthird","fourth_cue","fas_tcfourth","bas_tcfourth","fourth_response","fas_crfourth","bas_crfourth","fifth_cue","fas_tcfifth","bas_tcfifth","fifth_response","fas_crfifth","bas_crfifth","condition","language","ideas_whatexperimentabout","comments","version","country"
"1","A",1,1,"Krone","König",0.793814433,"0.257731959","Krone",NA,NA,NA,NA,NA,NA,NA,NA,NA,NA,NA,NA,NA,NA,NA,NA,NA,NA,NA,NA,NA,NA,NA,NA,NA,NA,"face","German","#knowing it's about common ground in communication, so which words said most often/most likely to be said","#barely know each other counted as no relation",1,NA
"2","A",2,2,"Hafen","Schiff",0.724489796,NA,"Boot",NA,NA,"anlegen",NA,NA,"Hafen",NA,NA,NA,NA,NA,NA,NA,NA,NA,NA,NA,NA,NA,NA,NA,NA,NA,NA,NA,NA,"face","German",NA,NA,1,NA
"3","A",1,3,"Brunnen","Wasser",0.680412371,NA,"Brunnen",NA,NA,NA,NA,NA,NA,NA,NA,NA,NA,NA,NA,NA,NA,NA,NA,NA,NA,NA,NA,NA,NA,NA,NA,NA,NA,"face","German",NA,NA,1,NA
"4","A",2,4,"Kamm","striegeln",NA,NA,"Kamm",NA,NA,NA,NA,NA,NA,NA,NA,NA,NA,NA,NA,NA,NA,NA,NA,NA,NA,NA,NA,NA,NA,NA,NA,NA,NA,"face","German",NA,NA,1,NA
"5","A",1,5,"Dach","Haus",0.29,"0.134020619","Dach",NA,NA,NA,NA,NA,NA,NA,NA,NA,NA,NA,NA,NA,NA,NA,NA,NA,NA,NA,NA,NA,NA,NA,NA,NA,NA,"face","German",NA,NA,1,NA
"6","A",2,6,"Lilie","Blume",0.62244898,"0.01010101","Blüte",NA,NA,"Beerdigung",0.010204082,NA,"Rose",NA,NA,"Schwert",NA,NA,"Lilie",NA,NA,NA,NA,NA,NA,NA,NA,NA,NA,NA,NA,NA,NA,"face","German",NA,NA,1,NA
"7","A",1,7,"Paddel","Kanu",0.08,"0.020408163","Paddel",NA,NA,NA,NA,NA,NA,NA,NA,NA,NA,NA,NA,NA,NA,NA,NA,NA,NA,NA,NA,NA,NA,NA,NA,NA,NA,"face","German",NA,NA,1,NA
"8","A",2,8,"Gebiss","Zähne",NA,NA,"Zahnarzt",NA,NA,"Zahnreihe",NA,NA,"Gebiss",NA,NA,NA,NA,NA,NA,NA,NA,NA,NA,NA,NA,NA,NA,NA,NA,NA,NA,NA,NA,"face","German",NA,NA,1,NA
"9","A",1,9,"Feder","leicht",0.087121212,NA,"Feder",NA,NA,NA,NA,NA,NA,NA,NA,NA,NA,NA,NA,NA,NA,NA,NA,NA,NA,NA,NA,NA,NA,NA,NA,NA,NA,"face","German",NA,NA,1,NA
"10","A",2,10,"Schirm","Schutz",0.122605364,NA,"Schirm",NA,NA,NA,NA,NA,NA,NA,NA,NA,NA,NA,NA,NA,NA,NA,NA,NA,NA,NA,NA,NA,NA,NA,NA,NA,NA,"face","German",NA,NA,1,NA
"11","A",1,11,"Radio","Musik",0.51,NA,"Kassette",NA,NA,"aufdrehen",NA,NA,"Radio",NA,NA,NA,NA,NA,NA,NA,NA,NA,NA,NA,NA,NA,NA,NA,NA,NA,NA,NA,NA,"face","German",NA,NA,1,NA
"12","A",2,12,"Axt","hacken",0.037800687,NA,"Axt",NA,NA,NA,NA,NA,NA,NA,NA,NA,NA,NA,NA,NA,NA,NA,NA,NA,NA,NA,NA,NA,NA,NA,NA,NA,NA,"face","German",NA,NA,1,NA
"13","A",1,13,"Butter","zart",0.006756757,NA,"Butter",NA,NA,NA,NA,NA,NA,NA,NA,NA,NA,NA,NA,NA,NA,NA,NA,NA,NA,NA,NA,NA,NA,NA,NA,NA,NA,"face","German",NA,NA,1,NA
"14","A",2,14,"Rüstung","Ritter",0.29109589,"0.190972222","Burg",NA,NA,"Helm",0.003424658,NA,"Schwert",NA,NA,"Schutz",0.037671233,NA,"Rüstung",NA,NA,NA,NA,NA,NA,NA,NA,NA,NA,NA,NA,NA,NA,"face","German",NA,NA,1,NA
"15","A",1,15,"Hammer","klopfen",0.010135135,NA,"Hammer",NA,NA,NA,NA,NA,NA,NA,NA,NA,NA,NA,NA,NA,NA,NA,NA,NA,NA,NA,NA,NA,NA,NA,NA,NA,NA,"face","German",NA,NA,1,NA
"16","A",2,16,"Lehrerin","unterrichten",NA,NA,"Lehrerin",NA,NA,NA,NA,NA,NA,NA,NA,NA,NA,NA,NA,NA,NA,NA,NA,NA,NA,NA,NA,NA,NA,NA,NA,NA,NA,"face","German",NA,NA,1,NA
"17","A",1,17,"Mauer","zu",0.003424658,NA,"Mauer",NA,NA,NA,NA,NA,NA,NA,NA,NA,NA,NA,NA,NA,NA,NA,NA,NA,NA,NA,NA,NA,NA,NA,NA,NA,NA,"face","German",NA,NA,1,NA
"18","A",2,18,"Knochen","Skelett",0.125874126,NA,"Knochen",NA,NA,NA,NA,NA,NA,NA,NA,NA,NA,NA,NA,NA,NA,NA,NA,NA,NA,NA,NA,NA,NA,NA,NA,NA,NA,"face","German",NA,NA,1,NA
"19","A",1,19,"Pilz","wachsen",0.003558719,NA,"Pilz",NA,NA,NA,NA,NA,NA,NA,NA,NA,NA,NA,NA,NA,NA,NA,NA,NA,NA,NA,NA,NA,NA,NA,NA,NA,NA,"face","German",NA,NA,1,NA
"20","A",2,20,"Brücke","überqueren",0.024305556,NA,"Brücke",NA,NA,NA,NA,NA,NA,NA,NA,NA,NA,NA,NA,NA,NA,NA,NA,NA,NA,NA,NA,NA,NA,NA,NA,NA,NA,"face","German",NA,NA,1,NA
"21","B",3,1,"Krone","Königin",0.041237113,"0.041237113","Krone",NA,NA,NA,NA,NA,NA,NA,NA,NA,NA,NA,NA,NA,NA,NA,NA,NA,NA,NA,NA,NA,NA,NA,NA,NA,NA,"non-face","German","#German connections influenced by words; words are (going to be) connected in a language; with which signal word?","#signaller: ""nicht das beste, aber.. Königin"" for 1. cue word""",1,NA
"22","B",4,2,"Hafen","Schiff",0.724489796,NA,"Yacht",NA,NA,"Dock",NA,NA,"Anker",NA,NA,"Handel",NA,NA,"Hafen",NA,NA,NA,NA,NA,NA,NA,NA,NA,NA,NA,NA,NA,NA,"non-face","German",NA,"#signaller: ""Dock. Also das Dock von andocken""",1,NA
"23","B",3,3,"Brunnen","Quelle",NA,NA,"Fontäne",NA,NA,"Systerne",NA,NA,"Brunnen",NA,NA,NA,NA,NA,NA,NA,NA,NA,NA,NA,NA,NA,NA,NA,NA,NA,NA,NA,NA,"non-face","German",NA,NA,1,NA
"24","B",4,4,"Kamm","Haare",0.020408163,"0.030612245","Friseur",NA,NA,"Bürste",0.081632653,NA,"Kamm",NA,NA,NA,NA,NA,NA,NA,NA,NA,NA,NA,NA,NA,NA,NA,NA,NA,NA,NA,NA,"non-face","German",NA,NA,1,NA
"25","B",3,5,"Dach","Ritze",NA,NA,"Dach",NA,NA,NA,NA,NA,NA,NA,NA,NA,NA,NA,NA,NA,NA,NA,NA,NA,NA,NA,NA,NA,NA,NA,NA,NA,NA,"non-face","German",NA,"#Ritze? (#Bitze?)",1,NA
"26","B",4,6,"Lilie","Blume",0.62244898,"0.01010101","Blüte",NA,NA,"Pflanzengattung",NA,NA,"Gießkanne",NA,NA,"schön",NA,NA,"Rose",NA,NA,"Zwiebel",NA,NA,"Lilie",NA,NA,NA,NA,NA,NA,NA,NA,"non-face","German",NA,"#signaller:""fast"" after 3rd response ""Rose"" #signaller: ""Zwiebel. Zwiebelpflanze""",1,NA
"27","B",3,7,"Paddel","Düffel",NA,NA,"Paddel",NA,NA,NA,NA,NA,NA,NA,NA,NA,NA,NA,NA,NA,NA,NA,NA,NA,NA,NA,NA,NA,NA,NA,NA,NA,NA,"non-face","German",NA,"#[dofl] as 1st cue word?",1,NA
"28","B",4,8,"Gebiss","Zähne",NA,NA,"Gebiss",NA,NA,NA,NA,NA,NA,NA,NA,NA,NA,NA,NA,NA,NA,NA,NA,NA,NA,NA,NA,NA,NA,NA,NA,NA,NA,"non-face","German",NA,NA,1,NA
"29","B",3,9,"Feder","Schreibstück/Schreiber",NA,NA,"Feder",NA,NA,NA,NA,NA,NA,NA,NA,NA,NA,NA,NA,NA,NA,NA,NA,NA,NA,NA,NA,NA,NA,NA,NA,NA,NA,"non-face","German",NA,"#1st cue/signaller: ""Schreibstück oder einfach Schreiber""",1,NA
"30","B",4,10,"Schirm","Regen",0.283524904,"0.050847458","Schirm",NA,NA,NA,NA,NA,NA,NA,NA,NA,NA,NA,NA,NA,NA,NA,NA,NA,NA,NA,NA,NA,NA,NA,NA,NA,NA,"non-face","German",NA,NA,1,NA
"31","B",3,11,"Radio","Sendung",0.01,NA,"Radio",NA,NA,NA,NA,NA,NA,NA,NA,NA,NA,NA,NA,NA,NA,NA,NA,NA,NA,NA,NA,NA,NA,NA,NA,NA,NA,"non-face","German",NA,NA,1,NA
"32","B",4,12,"Axt","Holz",0.206185567,NA,"Axt",NA,NA,NA,NA,NA,NA,NA,NA,NA,NA,NA,NA,NA,NA,NA,NA,NA,NA,NA,NA,NA,NA,NA,NA,NA,NA,"non-face","German",NA,NA,1,NA
"33","B",3,13,"Butter","Milchfett",NA,NA,"Butter",NA,NA,NA,NA,NA,NA,NA,NA,NA,NA,NA,NA,NA,NA,NA,NA,NA,NA,NA,NA,NA,NA,NA,NA,NA,NA,"non-face","German",NA,NA,1,NA
"34","B",4,14,"Rüstung","Soldat",0.010273973,NA,"Schwert",NA,NA,"Körperpanzerung",NA,NA,"Rüstung",NA,NA,NA,NA,NA,NA,NA,NA,NA,NA,NA,NA,NA,NA,NA,NA,NA,NA,NA,NA,"non-face","German",NA,NA,1,NA
"35","B",3,15,"Hammer","Sichel",0.016891892,"0.043010753","Hammer",NA,NA,NA,NA,NA,NA,NA,NA,NA,NA,NA,NA,NA,NA,NA,NA,NA,NA,NA,NA,NA,NA,NA,NA,NA,NA,"non-face","German",NA,NA,1,NA
"36","B",4,16,"Lehrerin","Schule",0.229965157,NA,"Lehrerin",NA,NA,NA,NA,NA,NA,NA,NA,NA,NA,NA,NA,NA,NA,NA,NA,NA,NA,NA,NA,NA,NA,NA,NA,NA,NA,"non-face","German",NA,NA,1,NA
"37","B",3,17,"Mauer","Festung",NA,NA,"Burg",NA,NA,"Wand",0.037671233,NA,"Mauer",NA,NA,NA,NA,NA,NA,NA,NA,NA,NA,NA,NA,NA,NA,NA,NA,NA,NA,NA,NA,"non-face","German",NA,NA,1,NA
"38","B",4,18,"Knochen","Skelett",0.125874126,NA,"Knochen",NA,NA,NA,NA,NA,NA,NA,NA,NA,NA,NA,NA,NA,NA,NA,NA,NA,NA,NA,NA,NA,NA,NA,NA,NA,NA,"non-face","German",NA,NA,1,NA
"39","B",3,19,"Pilz","Champignon",0.088967972,NA,"Pilz",NA,NA,NA,NA,NA,NA,NA,NA,NA,NA,NA,NA,NA,NA,NA,NA,NA,NA,NA,NA,NA,NA,NA,NA,NA,NA,"non-face","German",NA,"#signaller: ""also ich denke das wird ein bisschen einfacher sein.. Äh, Champignon"" for fist cue",1,NA
"40","B",4,20,"Brücke","Verbindung",0.052083333,NA,"Brücke",NA,NA,NA,NA,NA,NA,NA,NA,NA,NA,NA,NA,NA,NA,NA,NA,NA,NA,NA,NA,NA,NA,NA,NA,NA,NA,"non-face","German",NA,NA,1,NA
"41","C",5,1,"Pilz","Pflanze",0.003558719,NA,"Pilze",NA,NA,NA,NA,NA,NA,NA,NA,NA,NA,NA,NA,NA,NA,NA,NA,NA,NA,NA,NA,NA,NA,NA,NA,NA,NA,"face","German","#finding words #duration",NA,2,NA
"42","C",6,2,"Radio","Musiksender",NA,NA,"Radio",NA,NA,NA,NA,NA,NA,NA,NA,NA,NA,NA,NA,NA,NA,NA,NA,NA,NA,NA,NA,NA,NA,NA,NA,NA,NA,"face","German",NA,NA,2,NA
"43","C",5,3,"Axt","Gartenarbeit",NA,NA,"Axt",NA,NA,NA,NA,NA,NA,NA,NA,NA,NA,NA,NA,NA,NA,NA,NA,NA,NA,NA,NA,NA,NA,NA,NA,NA,NA,"face","German",NA,"#guesser first understood ""Klassenarbeit""",2,NA
"44","C",6,4,"Hafen","Schiffstopp",NA,NA,"Anker",NA,NA,"Halt",NA,NA,"Hafen",NA,NA,NA,NA,NA,NA,NA,NA,NA,NA,NA,NA,NA,NA,NA,NA,NA,NA,NA,NA,"face","German",NA,"#signaller said: ""okay, Ich weiß zwar nicht, ob es das Wort gibt""",2,NA
"45","C",5,5,"Lehrerin","Instruktion",NA,NA,"Schultafel",NA,NA,"Leiterin",NA,NA,"Lehrerin",NA,NA,NA,NA,NA,NA,NA,NA,NA,NA,NA,NA,NA,NA,NA,NA,NA,NA,NA,NA,"face","German",NA,NA,2,NA
"46","C",6,6,"Mauer","Grenze",0.034246575,NA,"Mauer",NA,NA,NA,NA,NA,NA,NA,NA,NA,NA,NA,NA,NA,NA,NA,NA,NA,NA,NA,NA,NA,NA,NA,NA,NA,NA,"face","German",NA,NA,2,NA
"47","C",5,7,"Hammer","Werkzeug",0.121621622,NA,"Hammer",NA,NA,NA,NA,NA,NA,NA,NA,NA,NA,NA,NA,NA,NA,NA,NA,NA,NA,NA,NA,NA,NA,NA,NA,NA,NA,"face","German",NA,NA,2,NA
"48","C",6,8,"Lilie","Blume",0.62244898,"0.01010101","Tulpe",NA,NA,"gelb",NA,NA,"Blüte",NA,NA,"Blumenart",NA,NA,"Rose",NA,NA,"Frühling",NA,NA,"Lilie",NA,NA,NA,NA,NA,NA,NA,NA,"face","German",NA,NA,2,NA
"49","C",5,9,"Krone","Königszeichen",NA,NA,"Krone",NA,NA,NA,NA,NA,NA,NA,NA,NA,NA,NA,NA,NA,NA,NA,NA,NA,NA,NA,NA,NA,NA,NA,NA,NA,NA,"face","German",NA,NA,2,NA
"50","C",6,10,"Kamm","Haare",0.020408163,"0.030612245","Perücke",NA,NA,"Werkzeug",NA,NA,"Kamm",NA,NA,NA,NA,NA,NA,NA,NA,NA,NA,NA,NA,NA,NA,NA,NA,NA,NA,NA,NA,"face","German",NA,NA,2,NA
"51","C",5,11,"Paddel","Bootsbestandteil",NA,NA,"Anker",NA,NA,"Stange",NA,NA,"Paddel",NA,NA,NA,NA,NA,NA,NA,NA,NA,NA,NA,NA,NA,NA,NA,NA,NA,NA,NA,NA,"face","German",NA,NA,2,NA
"52","C",6,12,"Schirm","Regenschutz",NA,NA,"Schirm",NA,NA,NA,NA,NA,NA,NA,NA,NA,NA,NA,NA,NA,NA,NA,NA,NA,NA,NA,NA,NA,NA,NA,NA,NA,NA,"face","German",NA,NA,2,NA
"53","C",5,13,"Brücke","Wasserüberquerung",NA,NA,"Brücke",NA,NA,NA,NA,NA,NA,NA,NA,NA,NA,NA,NA,NA,NA,NA,NA,NA,NA,NA,NA,NA,NA,NA,NA,NA,NA,"face","German",NA,NA,2,NA
"54","C",6,14,"Knochen","Skelett",0.125874126,NA,"Knochen",NA,NA,NA,NA,NA,NA,NA,NA,NA,NA,NA,NA,NA,NA,NA,NA,NA,NA,NA,NA,NA,NA,NA,NA,NA,NA,"face","German",NA,NA,2,NA
"55","C",5,15,"Butter","Frühstückszutat",NA,NA,"Butter",NA,NA,NA,NA,NA,NA,NA,NA,NA,NA,NA,NA,NA,NA,NA,NA,NA,NA,NA,NA,NA,NA,NA,NA,NA,NA,"face","German",NA,NA,2,NA
"56","C",6,16,"Feder","Vogel",0.208333333,"0.057471264","Kuckuck",NA,NA,"Bestandteil",NA,NA,"Feder",NA,NA,NA,NA,NA,NA,NA,NA,NA,NA,NA,NA,NA,NA,NA,NA,NA,NA,NA,NA,"face","German",NA,NA,2,NA
"57","C",5,17,"Brunnen","Quelle",NA,NA,"Brunnen",NA,NA,NA,NA,NA,NA,NA,NA,NA,NA,NA,NA,NA,NA,NA,NA,NA,NA,NA,NA,NA,NA,NA,NA,NA,NA,"face","German",NA,NA,2,NA
"58","C",6,18,"Rüstung","Ritter",0.29109589,"0.190972222","Mittelalter",NA,NA,"Schutz",0.037671233,NA,"Schwert",NA,NA,"Bekleidung",NA,NA,"Rüstung",NA,NA,NA,NA,NA,NA,NA,NA,NA,NA,NA,NA,NA,NA,"face","German",NA,NA,2,NA
"59","C",5,19,"Dach","Schutz",0.09,NA,"Dach",NA,NA,NA,NA,NA,NA,NA,NA,NA,NA,NA,NA,NA,NA,NA,NA,NA,NA,NA,NA,NA,NA,NA,NA,NA,NA,"face","German",NA,NA,2,NA
"60","C",6,20,"Gebiss","Zähne",NA,NA,"Gebiss",NA,NA,NA,NA,NA,NA,NA,NA,NA,NA,NA,NA,NA,NA,NA,NA,NA,NA,NA,NA,NA,NA,NA,NA,NA,NA,"face","German",NA,NA,2,NA
"61","D",7,1,"Pilz","Wald",0.224199288,NA,"Jäger",NA,NA,"Risotto",NA,NA,"Pilz",NA,NA,NA,NA,NA,NA,NA,NA,NA,NA,NA,NA,NA,NA,NA,NA,NA,NA,NA,NA,"face","German","#which words are chosen #types of words, e.g. verbs or nouns as cues",NA,2,NA
"62","D",8,2,"Radio","Rundfunk",NA,NA,"Radio",NA,NA,NA,NA,NA,NA,NA,NA,NA,NA,NA,NA,NA,NA,NA,NA,NA,NA,NA,NA,NA,NA,NA,NA,NA,NA,"face","German",NA,NA,2,NA
"63","D",7,3,"Axt","fällen",0.041237113,NA,"Axt",NA,NA,NA,NA,NA,NA,NA,NA,NA,NA,NA,NA,NA,NA,NA,NA,NA,NA,NA,NA,NA,NA,NA,NA,NA,NA,"face","German",NA,NA,2,NA
"64","D",8,4,"Hafen","Schiffe",NA,NA,"Hafen",NA,NA,NA,NA,NA,NA,NA,NA,NA,NA,NA,NA,NA,NA,NA,NA,NA,NA,NA,NA,NA,NA,NA,NA,NA,NA,"face","German",NA,NA,2,NA
"65","D",7,5,"Lehrerin","Notengeberin",NA,NA,"Lehrerin",NA,NA,NA,NA,NA,NA,NA,NA,NA,NA,NA,NA,NA,NA,NA,NA,NA,NA,NA,NA,NA,NA,NA,NA,NA,NA,"face","German",NA,NA,2,NA
"66","D",8,6,"Mauer","Maurer",0.017123288,NA,"Mauer",NA,NA,NA,NA,NA,NA,NA,NA,NA,NA,NA,NA,NA,NA,NA,NA,NA,NA,NA,NA,NA,NA,NA,NA,NA,NA,"face","German",NA,"#""Maurer"" as cue for ""Mauer""; cue word shouldn't include target word!",2,NA
"67","D",7,7,"Hammer","Nagel",0.287162162,NA,"Feile",NA,NA,"Speer",NA,NA,"Daumen",NA,NA,"Wand",0.057432432,NA,"Bild",NA,NA,NA,NA,NA,"Hammer",NA,NA,NA,NA,NA,NA,NA,NA,"face","German",NA,"#2nd response was probably still related to first cue, Nagel -> Feile; Nagel --> Daumen, rather than Speer --> Daumen; unfortunately guesser said Hammer (4th response)  right after ""Bild"", so there's no 4th cue available, only a 4th response",2,NA
"68","D",8,8,"Lilie","Bluete",NA,NA,"Rose",NA,NA,"Friedhof",0.010204082,NA,"Gießkanne",NA,NA,"weiß",0.030612245,NA,"Lilie",NA,NA,NA,NA,NA,NA,NA,NA,NA,NA,NA,NA,NA,NA,"face","German",NA,"#Blüte in den Vorschlägen",2,NA
"69","D",7,9,"Krone","Königin",0.041237113,"0.041237113","Thron",NA,NA,"Kopf",NA,NA,"Krone",NA,NA,NA,NA,NA,NA,NA,NA,NA,NA,NA,NA,NA,NA,NA,NA,NA,NA,NA,NA,"face","German",NA,NA,2,NA
"70","D",8,10,"Kamm","Haare",0.020408163,"0.030612245","Perücke",NA,NA,"entwirren",NA,NA,"Kamm",NA,NA,NA,NA,NA,NA,NA,NA,NA,NA,NA,NA,NA,NA,NA,NA,NA,NA,NA,NA,"face","German",NA,NA,2,NA
"71","D",7,11,"Paddel","Kanu",0.08,"0.020408163","Paddel",NA,NA,NA,NA,NA,NA,NA,NA,NA,NA,NA,NA,NA,NA,NA,NA,NA,NA,NA,NA,NA,NA,NA,NA,NA,NA,"face","German",NA,NA,2,NA
"72","D",8,12,"Schirm","Regen",0.283524904,"0.050847458","Rinne",NA,NA,"Stiel",0.003831418,NA,"Schirm",NA,NA,NA,NA,NA,NA,NA,NA,NA,NA,NA,NA,NA,NA,NA,NA,NA,NA,NA,NA,"face","German",NA,NA,2,NA
"73","D",7,13,"Brücke","überqueren",0.024305556,NA,"Brücke",NA,NA,NA,NA,NA,NA,NA,NA,NA,NA,NA,NA,NA,NA,NA,NA,NA,NA,NA,NA,NA,NA,NA,NA,NA,NA,"face","German",NA,NA,2,NA
"74","D",8,14,"Knochen","gebrochen",0.006993007,NA,"Knochen",NA,NA,NA,NA,NA,NA,NA,NA,NA,NA,NA,NA,NA,NA,NA,NA,NA,NA,NA,NA,NA,NA,NA,NA,NA,NA,"face","German",NA,NA,2,NA
"75","D",7,15,"Butter","schmelzen",0.006756757,NA,"Käse",NA,NA,"Fett ",NA,NA,"Butter",NA,NA,NA,NA,NA,NA,NA,NA,NA,NA,NA,NA,NA,NA,NA,NA,NA,NA,NA,NA,"face","German",NA,NA,2,NA
"76","D",8,16,"Feder","leicht",0.087121212,NA,"Feder",NA,NA,NA,NA,NA,NA,NA,NA,NA,NA,NA,NA,NA,NA,NA,NA,NA,NA,NA,NA,NA,NA,NA,NA,NA,NA,"face","German",NA,NA,2,NA
"77","D",7,17,"Brunnen","tief",0.12371134,NA,"Brunnen",NA,NA,NA,NA,NA,NA,NA,NA,NA,NA,NA,NA,NA,NA,NA,NA,NA,NA,NA,NA,NA,NA,NA,NA,NA,NA,"face","German",NA,NA,2,NA
"78","D",8,18,"Rüstung","Ritter",0.29109589,"0.190972222","Rüstung",NA,NA,NA,NA,NA,NA,NA,NA,NA,NA,NA,NA,NA,NA,NA,NA,NA,NA,NA,NA,NA,NA,NA,NA,NA,NA,"face","German",NA,NA,2,NA
"79","D",7,19,"Dach","Schutz",0.09,NA,"Dach",NA,NA,NA,NA,NA,NA,NA,NA,NA,NA,NA,NA,NA,NA,NA,NA,NA,NA,NA,NA,NA,NA,NA,NA,NA,NA,"face","German",NA,NA,2,NA
"80","D",8,20,"Gebiss","Alter",0.010204082,NA,"Gebiss",NA,NA,NA,NA,NA,NA,NA,NA,NA,NA,NA,NA,NA,NA,NA,NA,NA,NA,NA,NA,NA,NA,NA,NA,NA,NA,"face","German",NA,NA,2,NA
"81","E",9,1,"Pilz","Wald",0.224199288,NA,"Baum",NA,NA,"giftig",0.149466192,NA,"Pilz",NA,NA,NA,NA,NA,NA,NA,NA,NA,NA,NA,NA,NA,NA,NA,NA,NA,NA,NA,NA,"non-face","German","#communication, finding language when you cannot see your vis-à-vis","#Baum not on guesser's list!",2,NA
"82","E",10,2,"Radio","Musik",0.51,NA,"Radio",NA,NA,NA,NA,NA,NA,NA,NA,NA,NA,NA,NA,NA,NA,NA,NA,NA,NA,NA,NA,NA,NA,NA,NA,NA,NA,"non-face","German","#word formation/-etymology",NA,2,NA
"83","E",9,3,"Axt","fällen",0.041237113,NA,"Axt",NA,NA,NA,NA,NA,NA,NA,NA,NA,NA,NA,NA,NA,NA,NA,NA,NA,NA,NA,NA,NA,NA,NA,NA,NA,NA,"non-face","German",NA,NA,2,NA
"84","E",10,4,"Hafen","Schiff",0.724489796,NA,"Hafen",NA,NA,NA,NA,NA,NA,NA,NA,NA,NA,NA,NA,NA,NA,NA,NA,NA,NA,NA,NA,NA,NA,NA,NA,NA,NA,"non-face","German",NA,NA,2,NA
"85","E",9,5,"Lehrerin","Schule",0.229965157,NA,"Lehrerin",NA,NA,NA,NA,NA,NA,NA,NA,NA,NA,NA,NA,NA,NA,NA,NA,NA,NA,NA,NA,NA,NA,NA,NA,NA,NA,"non-face","German",NA,NA,2,NA
"86","E",10,6,"Mauer","Mörtel",0.017123288,NA,"Statue",NA,NA,"Steine",NA,NA,"Mauer",NA,NA,NA,NA,NA,NA,NA,NA,NA,NA,NA,NA,NA,NA,NA,NA,NA,NA,NA,NA,"non-face","German",NA,NA,2,NA
"87","E",9,7,"Hammer","Nagel",0.287162162,NA,"Hammer",NA,NA,NA,NA,NA,NA,NA,NA,NA,NA,NA,NA,NA,NA,NA,NA,NA,NA,NA,NA,NA,NA,NA,NA,NA,NA,"non-face","German",NA,NA,2,NA
"88","E",10,8,"Lilie","Blume",0.62244898,"0.01010101","Blüte",NA,NA,"orange",NA,NA,NA,NA,NA,NA,NA,NA,NA,NA,NA,NA,NA,NA,NA,NA,NA,NA,NA,NA,NA,NA,NA,"non-face","German",NA,"#sig: ""orange, beispielsweise"" as 2nd cue",2,NA
"89","E",9,9,"Krone","König",0.793814433,"0.257731959","Krone",NA,NA,NA,NA,NA,NA,NA,NA,NA,NA,NA,NA,NA,NA,NA,NA,NA,NA,NA,NA,NA,NA,NA,NA,NA,NA,"non-face","German",NA,NA,2,NA
"90","E",10,10,"Kamm","Haare",0.020408163,"0.030612245","Schirm",NA,NA,"Zacken",0.030612245,NA,"Kamm",NA,NA,NA,NA,NA,NA,NA,NA,NA,NA,NA,NA,NA,NA,NA,NA,NA,NA,NA,NA,"non-face","German",NA,"#guesser was at wrong round and said ""Schirm"" as first response… mabye first one would have been correct otherwise?",2,NA
"91","E",9,11,"Paddel","Boot",0.63,"0.010309278","Paddel",NA,NA,NA,NA,NA,NA,NA,NA,NA,NA,NA,NA,NA,NA,NA,NA,NA,NA,NA,NA,NA,NA,NA,NA,NA,NA,"non-face","German",NA,NA,2,NA
"92","E",10,12,"Schirm","Regen",0.283524904,"0.050847458","Schirm",NA,NA,NA,NA,NA,NA,NA,NA,NA,NA,NA,NA,NA,NA,NA,NA,NA,NA,NA,NA,NA,NA,NA,NA,NA,NA,"non-face","German",NA,NA,2,NA
"93","E",9,13,"Brücke","Bogen",0.006944444,"0.003802281","Brücke",NA,NA,NA,NA,NA,NA,NA,NA,NA,NA,NA,NA,NA,NA,NA,NA,NA,NA,NA,NA,NA,NA,NA,NA,NA,NA,"non-face","German",NA,NA,2,NA
"94","E",10,14,"Knochen","Skelett",0.125874126,NA,"Knochen",NA,NA,NA,NA,NA,NA,NA,NA,NA,NA,NA,NA,NA,NA,NA,NA,NA,NA,NA,NA,NA,NA,NA,NA,NA,NA,"non-face","German",NA,NA,2,NA
"95","E",9,15,"Butter","Brot",0.202702703,"0.104377104","Bäcker",NA,NA,"streichen",0.043918919,NA,"Butter",NA,NA,NA,NA,NA,NA,NA,NA,NA,NA,NA,NA,NA,NA,NA,NA,NA,NA,NA,NA,"non-face","German",NA,NA,2,NA
"96","E",10,16,"Feder","Vogel",0.208333333,"0.057471264","Feder",NA,NA,NA,NA,NA,NA,NA,NA,NA,NA,NA,NA,NA,NA,NA,NA,NA,NA,NA,NA,NA,NA,NA,NA,NA,NA,"non-face","German",NA,NA,2,NA
"97","E",9,17,"Brunnen","Fontäne",NA,NA,"Brunnen",NA,NA,NA,NA,NA,NA,NA,NA,NA,NA,NA,NA,NA,NA,NA,NA,NA,NA,NA,NA,NA,NA,NA,NA,NA,NA,"non-face","German",NA,"#Fontäne also on list",2,NA
"98","E",10,18,"Rüstung","Ritter",0.29109589,"0.190972222","Rüstung",NA,NA,NA,NA,NA,NA,NA,NA,NA,NA,NA,NA,NA,NA,NA,NA,NA,NA,NA,NA,NA,NA,NA,NA,NA,NA,"non-face","German",NA,"#sig: ""Rüs.. Äh, Ritter!""",2,NA
"99","E",9,19,"Dach","Ziegel",0.32,NA,"Dach",NA,NA,NA,NA,NA,NA,NA,NA,NA,NA,NA,NA,NA,NA,NA,NA,NA,NA,NA,NA,NA,NA,NA,NA,NA,NA,"non-face","German",NA,NA,2,NA
"100","E",10,20,"Gebiss","Opa",0.040816327,NA,"Gebiss",NA,NA,NA,NA,NA,NA,NA,NA,NA,NA,NA,NA,NA,NA,NA,NA,NA,NA,NA,NA,NA,NA,NA,NA,NA,NA,"non-face","German",NA,NA,2,NA
"101","F",11,1,"Pilz","Wald",0.224199288,NA,"Jäger",NA,NA,"fliegen",NA,NA,"Pilz",NA,NA,NA,NA,NA,NA,NA,NA,NA,NA,NA,NA,NA,NA,NA,NA,NA,NA,NA,NA,"non-face","German",NA,NA,2,NA
"102","F",12,2,"Radio","Moderator",NA,NA,"Mikrophon",NA,NA,"Rundfunk",NA,NA,"Radio",NA,NA,NA,NA,NA,NA,NA,NA,NA,NA,NA,NA,NA,NA,NA,NA,NA,NA,NA,NA,"non-face","German",NA,"#""laut, aso ne sorry, Moderator?"" as 1st cue",2,NA
"103","F",11,3,"Axt","Handwerker",NA,NA,"Axt",NA,NA,NA,NA,NA,NA,NA,NA,NA,NA,NA,NA,NA,NA,NA,NA,NA,NA,NA,NA,NA,NA,NA,NA,NA,NA,"non-face","German",NA,NA,2,NA
"104","F",12,4,"Hafen","Einfahrt",NA,NA,"Hafen",NA,NA,NA,NA,NA,NA,NA,NA,NA,NA,NA,NA,NA,NA,NA,NA,NA,NA,NA,NA,NA,NA,NA,NA,NA,NA,"non-face","German",NA,NA,2,NA
"105","F",11,5,"Lehrerin","Anleiterin",NA,NA,"Lehrerin",NA,NA,NA,NA,NA,NA,NA,NA,NA,NA,NA,NA,NA,NA,NA,NA,NA,NA,NA,NA,NA,NA,NA,NA,NA,NA,"non-face","German",NA,NA,2,NA
"106","F",12,6,"Mauer","Ziegeln",NA,NA,"Mauer",NA,NA,NA,NA,NA,NA,NA,NA,NA,NA,NA,NA,NA,NA,NA,NA,NA,NA,NA,NA,NA,NA,NA,NA,NA,NA,"non-face","German",NA,NA,2,NA
"107","F",11,7,"Hammer","Nagel",0.287162162,NA,"Hammer",NA,NA,NA,NA,NA,NA,NA,NA,NA,NA,NA,NA,NA,NA,NA,NA,NA,NA,NA,NA,NA,NA,NA,NA,NA,NA,"non-face","German",NA,NA,2,NA
"108","F",12,8,"Lilie","Blume",0.62244898,"0.01010101","Rose",NA,NA,"Beet",NA,NA,"Tulpe",NA,NA,"orange",NA,NA,"Blüte",NA,NA,"Garten",NA,NA,"Gießkanne",NA,NA,"weiß","0.030612245",NA,NA,NA,NA,"non-face","German",NA,"sig: ""dann die andere Farbe die es gibt, weiß"" (probably didn't influence results because 5th cue, so only final option left)",2,NA
"109","F",11,9,"Krone","König",0.793814433,"0.257731959","Thron",NA,NA,"Kopf",NA,NA,"Krone",NA,NA,NA,NA,NA,NA,NA,NA,NA,NA,NA,NA,NA,NA,NA,NA,NA,NA,NA,NA,"non-face","German",NA,NA,2,NA
"110","F",12,10,"Kamm","Bürste",0.081632653,NA,"Kamm",NA,NA,NA,NA,NA,NA,NA,NA,NA,NA,NA,NA,NA,NA,NA,NA,NA,NA,NA,NA,NA,NA,NA,NA,NA,NA,"non-face","German",NA,NA,2,NA
"111","F",11,11,"Paddel","Kajak",0.01,NA,"Paddel",NA,NA,NA,NA,NA,NA,NA,NA,NA,NA,NA,NA,NA,NA,NA,NA,NA,NA,NA,NA,NA,NA,NA,NA,NA,NA,"non-face","German",NA,NA,2,NA
"112","F",12,12,"Schirm","Schutz",0.122605364,NA,"Schirm",NA,NA,NA,NA,NA,NA,NA,NA,NA,NA,NA,NA,NA,NA,NA,NA,NA,NA,NA,NA,NA,NA,NA,NA,NA,NA,"non-face","German",NA,NA,2,NA
"113","F",11,13,"Brücke","Fluss",0.21875,"0.033783784","Wasser",NA,NA,"Überquerung",NA,NA,"Brücke",NA,NA,NA,NA,NA,NA,NA,NA,NA,NA,NA,NA,NA,NA,NA,NA,NA,NA,NA,NA,"non-face","German",NA,NA,2,NA
"114","F",12,14,"Knochen","Skelett",0.125874126,NA,"Knochen",NA,NA,NA,NA,NA,NA,NA,NA,NA,NA,NA,NA,NA,NA,NA,NA,NA,NA,NA,NA,NA,NA,NA,NA,NA,NA,"non-face","German",NA,NA,2,NA
"115","F",11,15,"Butter","Aufstrich",NA,NA,"Butter",NA,NA,NA,NA,NA,NA,NA,NA,NA,NA,NA,NA,NA,NA,NA,NA,NA,NA,NA,NA,NA,NA,NA,NA,NA,NA,"non-face","German",NA,NA,2,NA
"116","F",12,16,"Feder","Indianer",0.026515152,NA,"Feder",NA,NA,NA,NA,NA,NA,NA,NA,NA,NA,NA,NA,NA,NA,NA,NA,NA,NA,NA,NA,NA,NA,NA,NA,NA,NA,"non-face","German",NA,NA,2,NA
"117","F",11,17,"Brunnen","Quelle",NA,NA,"Brunnen",NA,NA,NA,NA,NA,NA,NA,NA,NA,NA,NA,NA,NA,NA,NA,NA,NA,NA,NA,NA,NA,NA,NA,NA,NA,NA,"non-face","German",NA,NA,2,NA
"118","F",12,18,"Rüstung","Metall",0.047945205,NA,"Rüstung",NA,NA,NA,NA,NA,NA,NA,NA,NA,NA,NA,NA,NA,NA,NA,NA,NA,NA,NA,NA,NA,NA,NA,NA,NA,NA,"non-face","German",NA,NA,2,NA
"119","F",11,19,"Dach","Haus",0.29,"0.134020619","Dach",NA,NA,NA,NA,NA,NA,NA,NA,NA,NA,NA,NA,NA,NA,NA,NA,NA,NA,NA,NA,NA,NA,NA,NA,NA,NA,"non-face","German",NA,NA,2,NA
"120","F",12,20,"Gebiss","Kiefer",0.010204082,NA,"Zahnarzt",NA,NA,"Glas",NA,NA,"Mund",NA,NA,"Zähne",NA,NA,"Gebiss",NA,NA,NA,NA,NA,NA,NA,NA,NA,NA,NA,NA,NA,NA,"non-face","German",NA,NA,2,NA
"121","G",13,1,"Pilz","Champignon",0.088967972,NA,"Pilz",NA,NA,NA,NA,NA,NA,NA,NA,NA,NA,NA,NA,NA,NA,NA,NA,NA,NA,NA,NA,NA,NA,NA,NA,NA,NA,"face","German",NA,NA,2,NA
"122","G",14,2,"Radio","hören",0.1,NA,"Radio",NA,NA,NA,NA,NA,NA,NA,NA,NA,NA,NA,NA,NA,NA,NA,NA,NA,NA,NA,NA,NA,NA,NA,NA,NA,NA,"face","German",NA,NA,2,NA
"123","G",13,3,"Axt","holzfällen",NA,NA,"Axt",NA,NA,NA,NA,NA,NA,NA,NA,NA,NA,NA,NA,NA,NA,NA,NA,NA,NA,NA,NA,NA,NA,NA,NA,NA,NA,"face","German",NA,NA,2,NA
"124","G",14,4,"Hafen","Schiffe",NA,NA,"Yacht",NA,NA,"Wasser",0.030612245,NA,"Anker",NA,NA,"Marine",NA,NA,"Matrose",NA,NA,"Hamburg",0.030612245,NA,"Hafen",NA,NA,NA,NA,NA,NA,NA,NA,"face","German",NA,NA,2,NA
"125","G",13,5,"Lehrerin","unterrichten",NA,NA,"Lehrerin",NA,NA,NA,NA,NA,NA,NA,NA,NA,NA,NA,NA,NA,NA,NA,NA,NA,NA,NA,NA,NA,NA,NA,NA,NA,NA,"face","German",NA,NA,2,NA
"126","G",14,6,"Mauer","Begrenzung",0.020547945,NA,"Mauer",NA,NA,NA,NA,NA,NA,NA,NA,NA,NA,NA,NA,NA,NA,NA,NA,NA,NA,NA,NA,NA,NA,NA,NA,NA,NA,"face","German",NA,NA,2,NA
"127","G",13,7,"Hammer","Nagel",0.287162162,NA,"Hammer",NA,NA,NA,NA,NA,NA,NA,NA,NA,NA,NA,NA,NA,NA,NA,NA,NA,NA,NA,NA,NA,NA,NA,NA,NA,NA,"face","German",NA,NA,2,NA
"128","G",14,8,"Lilie","Blume",0.62244898,"0.01010101","Blüte",NA,NA,"weiß",0.030612245,NA,"Lilie",NA,NA,NA,NA,NA,NA,NA,NA,NA,NA,NA,NA,NA,NA,NA,NA,NA,NA,NA,NA,"face","German",NA,NA,2,NA
"129","G",13,9,"Krone","König",0.793814433,"0.257731959","Krone",NA,NA,NA,NA,NA,NA,NA,NA,NA,NA,NA,NA,NA,NA,NA,NA,NA,NA,NA,NA,NA,NA,NA,NA,NA,NA,"face","German",NA,NA,2,NA
"130","G",14,10,"Kamm","Haare",0.020408163,"0.030612245","Friseur",NA,NA,"Scheitel",NA,NA,"Kamm",NA,NA,NA,NA,NA,NA,NA,NA,NA,NA,NA,NA,NA,NA,NA,NA,NA,NA,NA,NA,"face","German",NA,NA,2,NA
"131","G",13,11,"Paddel","Kanu",0.08,"0.020408163","Fluss",NA,NA,"lenken",NA,NA,"Paddel",NA,NA,NA,NA,NA,NA,NA,NA,NA,NA,NA,NA,NA,NA,NA,NA,NA,NA,NA,NA,"face","German",NA,NA,2,NA
"132","G",14,12,"Schirm","Regen",0.283524904,"0.050847458","Schirm",NA,NA,NA,NA,NA,NA,NA,NA,NA,NA,NA,NA,NA,NA,NA,NA,NA,NA,NA,NA,NA,NA,NA,NA,NA,NA,"face","German",NA,NA,2,NA
"133","G",13,13,"Brücke","überqueren",0.024305556,NA,"Brücke",NA,NA,NA,NA,NA,NA,NA,NA,NA,NA,NA,NA,NA,NA,NA,NA,NA,NA,NA,NA,NA,NA,NA,NA,NA,NA,"face","German",NA,NA,2,NA
"134","G",14,14,"Knochen","Skelett",0.125874126,NA,"Knochen",NA,NA,NA,NA,NA,NA,NA,NA,NA,NA,NA,NA,NA,NA,NA,NA,NA,NA,NA,NA,NA,NA,NA,NA,NA,NA,"face","German",NA,NA,2,NA
"135","G",13,15,"Butter","Brot",0.202702703,"0.104377104","Bäcker",NA,NA,"Milch",0.054054054,NA,"Butter",NA,NA,NA,NA,NA,NA,NA,NA,NA,NA,NA,NA,NA,NA,NA,NA,NA,NA,NA,NA,"face","German",NA,NA,2,NA
"136","G",14,16,"Feder","Flügel",0.007575758,NA,"Feder",NA,NA,NA,NA,NA,NA,NA,NA,NA,NA,NA,NA,NA,NA,NA,NA,NA,NA,NA,NA,NA,NA,NA,NA,NA,NA,"face","German",NA,NA,2,NA
"137","G",13,17,"Brunnen","Wasser",0.680412371,NA,"Fontäne",NA,NA,"schöpfen",NA,NA,"Brunnen",NA,NA,NA,NA,NA,NA,NA,NA,NA,NA,NA,NA,NA,NA,NA,NA,NA,NA,NA,NA,"face","German",NA,NA,2,NA
"138","G",14,18,"Rüstung","Schutz",0.037671233,NA,"Rüstung",NA,NA,NA,NA,NA,NA,NA,NA,NA,NA,NA,NA,NA,NA,NA,NA,NA,NA,NA,NA,NA,NA,NA,NA,NA,NA,"face","German",NA,NA,2,NA
"139","G",13,19,"Dach","Haus",0.29,"0.134020619","Dach",NA,NA,NA,NA,NA,NA,NA,NA,NA,NA,NA,NA,NA,NA,NA,NA,NA,NA,NA,NA,NA,NA,NA,NA,NA,NA,"face","German",NA,NA,2,NA
"140","G",14,20,"Gebiss","Zähne",NA,NA,"Mund",NA,NA,"kauen",NA,NA,"Gebiss",NA,NA,NA,NA,NA,NA,NA,NA,NA,NA,NA,NA,NA,NA,NA,NA,NA,NA,NA,NA,"face","German",NA,NA,2,NA
"141","H",15,1,"Pilz","Stroganoff",NA,NA,"Bombe",NA,NA,"fliegen",NA,NA,"Gewehr",NA,NA,"gepunktet",NA,NA,"Pilz",NA,NA,NA,NA,NA,NA,NA,NA,NA,NA,NA,NA,NA,NA,"non-face","German",NA,"#guesser didn't know what ""Stroganoff"" is and didn't undersand how the list works at the beginning",2,"Swiss German"
"142","H",16,2,"Radio","BigFM",NA,NA,"Radio",NA,NA,NA,NA,NA,NA,NA,NA,NA,NA,NA,NA,NA,NA,NA,NA,NA,NA,NA,NA,NA,NA,NA,NA,NA,NA,"non-face","German",NA,NA,2,NA
"143","H",15,3,"Axt","Holz",0.206185567,NA,"Schrank",NA,NA,"hacken",0.037800687,NA,"Axt",NA,NA,NA,NA,NA,NA,NA,NA,NA,NA,NA,NA,NA,NA,NA,NA,NA,NA,NA,NA,"non-face","German",NA,"#guesser understood ""hocken"" instead of ""hacken"" because of the sig's Swiss accent; he improved himself from Hocker to Axt",2,NA
"144","H",16,4,"Hafen","Schiff",0.724489796,NA,"Yacht",NA,NA,"Anker",0.010204082,0.010204082,"Hafen",NA,NA,NA,NA,NA,NA,NA,NA,NA,NA,NA,NA,NA,NA,NA,NA,NA,NA,NA,NA,"non-face","German",NA,NA,2,NA
"145","H",15,5,"Lehrerin","Unterricht",0.108013937,NA,"Lehrerin",NA,NA,NA,NA,NA,NA,NA,NA,NA,NA,NA,NA,NA,NA,NA,NA,NA,NA,NA,NA,NA,NA,NA,NA,NA,NA,"non-face","German",NA,NA,2,NA
"146","H",16,6,"Mauer","Backsteine",NA,NA,"Mauer",NA,NA,NA,NA,NA,NA,NA,NA,NA,NA,NA,NA,NA,NA,NA,NA,NA,NA,NA,NA,NA,NA,NA,NA,NA,NA,"non-face","German",NA,NA,2,NA
"147","H",15,7,"Hammer","Nagel",0.287162162,NA,"Hammer",NA,NA,NA,NA,NA,NA,NA,NA,NA,NA,NA,NA,NA,NA,NA,NA,NA,NA,NA,NA,NA,NA,NA,NA,NA,NA,"non-face","German",NA,NA,2,NA
"148","H",16,8,"Lilie","Blume",0.62244898,"0.01010101","Lilie",NA,NA,NA,NA,NA,NA,NA,NA,NA,NA,NA,NA,NA,NA,NA,NA,NA,NA,NA,NA,NA,NA,NA,NA,NA,NA,"non-face","German",NA,"#sig:""Blume.. Ok, das kann jetzt alles sein""",2,NA
"149","H",15,9,"Krone","Zahn",0.010309278,NA,"Löwe",NA,NA,"König/Königin",NA,NA,"Krone",NA,NA,NA,NA,NA,NA,NA,NA,NA,NA,NA,NA,NA,NA,NA,NA,NA,NA,NA,NA,"non-face","German",NA,"#sig:""König oder Königin""",2,NA
"150","H",16,10,"Kamm","Haare",0.020408163,"0.030612245","Kopf",NA,NA,"entwirren",NA,NA,"Kamm",NA,NA,NA,NA,NA,NA,NA,NA,NA,NA,NA,NA,NA,NA,NA,NA,NA,NA,NA,NA,"non-face","German",NA,NA,2,NA
"151","H",15,11,"Paddel","Boot",0.63,"0.010309278","Paddel",NA,NA,NA,NA,NA,NA,NA,NA,NA,NA,NA,NA,NA,NA,NA,NA,NA,NA,NA,NA,NA,NA,NA,NA,NA,NA,"non-face","German",NA,NA,2,NA
"152","H",16,12,"Schirm","Regenschutz",NA,NA,"Schirm",NA,NA,NA,NA,NA,NA,NA,NA,NA,NA,NA,NA,NA,NA,NA,NA,NA,NA,NA,NA,NA,NA,NA,NA,NA,NA,"non-face","German",NA,NA,2,NA
"153","H",15,13,"Brücke","Fluss",0.21875,"0.033783784","Wasser",NA,NA,"über",NA,NA,"Brücke",NA,NA,NA,NA,NA,NA,NA,NA,NA,NA,NA,NA,NA,NA,NA,NA,NA,NA,NA,NA,"non-face","German",NA,NA,2,NA
"154","H",16,14,"Knochen","brechen",0.041958042,NA,"Knochen",NA,NA,NA,NA,NA,NA,NA,NA,NA,NA,NA,NA,NA,NA,NA,NA,NA,NA,NA,NA,NA,NA,NA,NA,NA,NA,"non-face","German",NA,NA,2,NA
"155","H",15,15,"Butter","Milch",0.054054054,NA,"Käse",NA,NA,"Brot",0.202702703,0.104377104,"Buttter",NA,NA,NA,NA,NA,NA,NA,NA,NA,NA,NA,NA,NA,NA,NA,NA,NA,NA,NA,NA,"non-face","German",NA,NA,2,NA
"156","H",16,16,"Feder","Vogel",0.208333333,"0.057471264","Strauß",NA,NA,"fliegen",0.026515152,NA,"Kuckuck",NA,NA,"schreiben",0.090909091,NA,"Feder",NA,NA,NA,NA,NA,NA,NA,NA,NA,NA,NA,NA,NA,NA,"non-face","German",NA,NA,2,NA
"157","H",15,17,"Brunnen","Wasser",0.680412371,NA,"Brunnen",NA,NA,NA,NA,NA,NA,NA,NA,NA,NA,NA,NA,NA,NA,NA,NA,NA,NA,NA,NA,NA,NA,NA,NA,NA,NA,"non-face","German",NA,NA,2,NA
"158","H",16,18,"Rüstung","Verteidigung",NA,NA,"Burg",NA,NA,"Waffen",NA,NA,"Schwert",NA,NA,"Krieg",0.02739726,NA,"Rüstung",NA,NA,NA,NA,NA,NA,NA,NA,NA,NA,NA,NA,NA,NA,"non-face","German",NA,NA,2,NA
"159","H",15,19,"Dach","Haus",0.29,"0.134020619","Dach",NA,NA,NA,NA,NA,NA,NA,NA,NA,NA,NA,NA,NA,NA,NA,NA,NA,NA,NA,NA,NA,NA,NA,NA,NA,NA,"non-face","German",NA,"#guesser didn't know what ""Schindel"" is, so new words was provided",2,NA
"160","H",16,20,"Gebiss","Zahnersatz",NA,NA,"Gebiss",NA,NA,NA,NA,NA,NA,NA,NA,NA,NA,NA,NA,NA,NA,NA,NA,NA,NA,NA,NA,NA,NA,NA,NA,NA,NA,"non-face","German",NA,NA,2,NA
"161","I",17,1,"Krone","Kopf",NA,NA,"Krone",NA,NA,NA,NA,NA,NA,NA,NA,NA,NA,NA,NA,NA,NA,NA,NA,NA,NA,NA,NA,NA,NA,NA,NA,NA,NA,"face","German",NA,NA,1,NA
"162","I",18,2,"Hafen","Schiff",0.724489796,NA,"Yacht",NA,NA,"Anker",0.010204082,0.010204082,"Hafen",NA,NA,NA,NA,NA,NA,NA,NA,NA,NA,NA,NA,NA,NA,NA,NA,NA,NA,NA,NA,"face","German",NA,NA,1,NA
"163","I",17,3,"Brunnen","Wasser",0.680412371,NA,"Brunnen",NA,NA,NA,NA,NA,NA,NA,NA,NA,NA,NA,NA,NA,NA,NA,NA,NA,NA,NA,NA,NA,NA,NA,NA,NA,NA,"face","German",NA,NA,1,NA
"164","I",18,4,"Kamm","Haare",0.020408163,"0.030612245","Perücke",NA,NA,"Holz",NA,NA,"Kamm",NA,NA,NA,NA,NA,NA,NA,NA,NA,NA,NA,NA,NA,NA,NA,NA,NA,NA,NA,NA,"face","German",NA,NA,1,NA
"165","I",17,5,"Dach","Decker",NA,NA,"Dach",NA,NA,NA,NA,NA,NA,NA,NA,NA,NA,NA,NA,NA,NA,NA,NA,NA,NA,NA,NA,NA,NA,NA,NA,NA,NA,"face","German",NA,NA,1,NA
"166","I",18,6,"Lilie","Blume",0.62244898,"0.01010101","Tulpe",NA,NA,"exotisch",0.010204082,NA,"Lilie",NA,NA,NA,NA,NA,NA,NA,NA,NA,NA,NA,NA,NA,NA,NA,NA,NA,NA,NA,NA,"face","German",NA,NA,1,NA
"167","I",17,7,"Paddel","Ruder",0.02,NA,"Paddel",NA,NA,NA,NA,NA,NA,NA,NA,NA,NA,NA,NA,NA,NA,NA,NA,NA,NA,NA,NA,NA,NA,NA,NA,NA,NA,"face","German",NA,NA,1,NA
"168","I",18,8,"Gebiss","Mund",NA,NA,"Gebiss",NA,NA,NA,NA,NA,NA,NA,NA,NA,NA,NA,NA,NA,NA,NA,NA,NA,NA,NA,NA,NA,NA,NA,NA,NA,NA,"face","German",NA,NA,1,NA
"169","I",17,9,"Feder","Gefieder",0.007575758,NA,"Pfau",NA,NA,"Vogel",0.208333333,0.057471264,"Strauß",NA,NA,"Haut",NA,NA,"Kuckuck",NA,NA,"Fell",NA,NA,"Feder",NA,NA,NA,NA,NA,NA,NA,NA,"face","German",NA,NA,1,NA
"170","I",18,10,"Schirm","Regen",0.283524904,"0.050847458","Dach",NA,NA,"Schutz",0.122605364,NA,"Schirm",NA,NA,NA,NA,NA,NA,NA,NA,NA,NA,NA,NA,NA,NA,NA,NA,NA,NA,NA,NA,"face","German",NA,NA,1,NA
"171","I",17,11,"Radio","Funk",0.01,NA,"Radio",NA,NA,NA,NA,NA,NA,NA,NA,NA,NA,NA,NA,NA,NA,NA,NA,NA,NA,NA,NA,NA,NA,NA,NA,NA,NA,"face","German",NA,NA,1,NA
"172","I",18,12,"Axt","Holz",0.206185567,NA,"Axt",NA,NA,NA,NA,NA,NA,NA,NA,NA,NA,NA,NA,NA,NA,NA,NA,NA,NA,NA,NA,NA,NA,NA,NA,NA,NA,"face","German",NA,NA,1,NA
"173","I",17,13,"Butter","Milch",0.054054054,NA,"Käse",NA,NA,"Margarine",0.040540541,NA,"Butter",NA,NA,NA,NA,NA,NA,NA,NA,NA,NA,NA,NA,NA,NA,NA,NA,NA,NA,NA,NA,"face","German",NA,NA,1,NA
"174","I",18,14,"Rüstung","Ritter",0.29109589,"0.190972222","Rüstung",NA,NA,NA,NA,NA,NA,NA,NA,NA,NA,NA,NA,NA,NA,NA,NA,NA,NA,NA,NA,NA,NA,NA,NA,NA,NA,"face","German",NA,NA,1,NA
"175","I",17,15,"Hammer","Werkzeug",0.121621622,NA,"Hammer",NA,NA,NA,NA,NA,NA,NA,NA,NA,NA,NA,NA,NA,NA,NA,NA,NA,NA,NA,NA,NA,NA,NA,NA,NA,NA,"face","German",NA,NA,1,NA
"176","I",18,16,"Lehrerin","Schüler",0.034843206,NA,"Lehrerin",NA,NA,NA,NA,NA,NA,NA,NA,NA,NA,NA,NA,NA,NA,NA,NA,NA,NA,NA,NA,NA,NA,NA,NA,NA,NA,"face","German",NA,NA,1,NA
"177","I",17,17,"Mauer","Haus",0.051369863,"0.003460208","Mauer",NA,NA,NA,NA,NA,NA,NA,NA,NA,NA,NA,NA,NA,NA,NA,NA,NA,NA,NA,NA,NA,NA,NA,NA,NA,NA,"face","German",NA,NA,1,NA
"178","I",18,18,"Knochen","Hund",0.195804196,"0.010452962","Dackel",NA,NA,"Leckerli",0.003496503,NA,"Knochen",NA,NA,NA,NA,NA,NA,NA,NA,NA,NA,NA,NA,NA,NA,NA,NA,NA,NA,NA,NA,"face","German",NA,NA,1,NA
"179","I",17,19,"Pilz","Schimmel",0.003558719,NA,"Pilz",NA,NA,NA,NA,NA,NA,NA,NA,NA,NA,NA,NA,NA,NA,NA,NA,NA,NA,NA,NA,NA,NA,NA,NA,NA,NA,"face","German",NA,NA,1,NA
"180","I",18,20,"Brücke","Stein",0.069444444,NA,"Brücke",NA,NA,NA,NA,NA,NA,NA,NA,NA,NA,NA,NA,NA,NA,NA,NA,NA,NA,NA,NA,NA,NA,NA,NA,NA,NA,"face","German",NA,NA,1,NA
"181","J",19,1,"Krone","König",0.793814433,"0.257731959","Krone",NA,NA,NA,NA,NA,NA,NA,NA,NA,NA,NA,NA,NA,NA,NA,NA,NA,NA,NA,NA,NA,NA,NA,NA,NA,NA,"non-face","German","word associations, connect with other words; clarity of communication",NA,1,NA
"182","J",20,2,"Hafen","Schiff",0.724489796,NA,"Anker",NA,NA,"anlegen",NA,NA,"Hafen",NA,NA,NA,NA,NA,NA,NA,NA,NA,NA,NA,NA,NA,NA,NA,NA,NA,NA,NA,NA,"non-face","German",NA,NA,1,NA
"183","J",19,3,"Brunnen","schöpfen",NA,NA,"Eimer",NA,NA,"tief",0.12371134,NA,"Brunnen",NA,NA,NA,NA,NA,NA,NA,NA,NA,NA,NA,NA,NA,NA,NA,NA,NA,NA,NA,NA,"non-face","German",NA,NA,1,NA
"184","J",20,4,"Kamm","Haare",0.020408163,"0.030612245","Kamm",NA,NA,NA,NA,NA,NA,NA,NA,NA,NA,NA,NA,NA,NA,NA,NA,NA,NA,NA,NA,NA,NA,NA,NA,NA,NA,"non-face","German",NA,NA,1,NA
"185","J",19,5,"Dach","Ziegelsteine",NA,NA,"Dach",NA,NA,NA,NA,NA,NA,NA,NA,NA,NA,NA,NA,NA,NA,NA,NA,NA,NA,NA,NA,NA,NA,NA,NA,NA,NA,"non-face","German",NA,NA,1,NA
"186","J",20,6,"Lilie","Blume",0.62244898,"0.01010101","Blüte",NA,NA,"weiß",0.030612245,NA,"Tulpe",NA,NA,"Trauer",NA,NA,"Lilie",NA,NA,NA,NA,NA,NA,NA,NA,NA,NA,NA,NA,NA,NA,"non-face","German",NA,NA,1,NA
"187","J",19,7,"Paddel","Kanu",0.08,"0.020408163","Paddel",NA,NA,NA,NA,NA,NA,NA,NA,NA,NA,NA,NA,NA,NA,NA,NA,NA,NA,NA,NA,NA,NA,NA,NA,NA,NA,"non-face","German",NA,NA,1,NA
"188","J",20,8,"Gebiss","Zähne",NA,NA,"Gebiss",NA,NA,NA,NA,NA,NA,NA,NA,NA,NA,NA,NA,NA,NA,NA,NA,NA,NA,NA,NA,NA,NA,NA,NA,NA,NA,"non-face","German",NA,NA,1,NA
"189","J",19,9,"Feder","Vogel",0.208333333,"0.057471264","Feder",NA,NA,NA,NA,NA,NA,NA,NA,NA,NA,NA,NA,NA,NA,NA,NA,NA,NA,NA,NA,NA,NA,NA,NA,NA,NA,"non-face","German",NA,NA,1,NA
"190","J",20,10,"Schirm","Regen",0.283524904,"0.050847458","Schirm",NA,NA,NA,NA,NA,NA,NA,NA,NA,NA,NA,NA,NA,NA,NA,NA,NA,NA,NA,NA,NA,NA,NA,NA,NA,NA,"non-face","German",NA,NA,1,NA
"191","J",19,11,"Radio","Sender",0.07,NA,"Radio",NA,NA,NA,NA,NA,NA,NA,NA,NA,NA,NA,NA,NA,NA,NA,NA,NA,NA,NA,NA,NA,NA,NA,NA,NA,NA,"non-face","German",NA,NA,1,NA
"192","J",20,12,"Axt","fällen",0.041237113,NA,"Axt",NA,NA,NA,NA,NA,NA,NA,NA,NA,NA,NA,NA,NA,NA,NA,NA,NA,NA,NA,NA,NA,NA,NA,NA,NA,NA,"non-face","German",NA,NA,1,NA
"193","J",19,13,"Butter","Brot",0.202702703,"0.104377104","Scheibe",NA,NA,"Fett",0.067567568,NA,"Butter",NA,NA,NA,NA,NA,NA,NA,NA,NA,NA,NA,NA,NA,NA,NA,NA,NA,NA,NA,NA,"non-face","German",NA,NA,1,NA
"194","J",20,14,"Rüstung","Ritter",0.29109589,"0.190972222","Rüstung",NA,NA,NA,NA,NA,NA,NA,NA,NA,NA,NA,NA,NA,NA,NA,NA,NA,NA,NA,NA,NA,NA,NA,NA,NA,NA,"non-face","German",NA,NA,1,NA
"195","J",19,15,"Hammer","Nagel",0.287162162,NA,"Hammer",NA,NA,NA,NA,NA,NA,NA,NA,NA,NA,NA,NA,NA,NA,NA,NA,NA,NA,NA,NA,NA,NA,NA,NA,NA,NA,"non-face","German",NA,NA,1,NA
"196","J",20,16,"Lehrerin","Schule",0.229965157,NA,"Lehrerin",NA,NA,NA,NA,NA,NA,NA,NA,NA,NA,NA,NA,NA,NA,NA,NA,NA,NA,NA,NA,NA,NA,NA,NA,NA,NA,"non-face","German",NA,NA,1,NA
"197","J",19,17,"Mauer","Steine",NA,NA,"Mauer",NA,NA,NA,NA,NA,NA,NA,NA,NA,NA,NA,NA,NA,NA,NA,NA,NA,NA,NA,NA,NA,NA,NA,NA,NA,NA,"non-face","German",NA,NA,1,NA
"198","J",20,18,"Knochen","Skelett",0.125874126,NA,"Knochen",NA,NA,NA,NA,NA,NA,NA,NA,NA,NA,NA,NA,NA,NA,NA,NA,NA,NA,NA,NA,NA,NA,NA,NA,NA,NA,"non-face","German",NA,NA,1,NA
"199","J",19,19,"Pilz","Champignon",0.088967972,NA,"Pilz",NA,NA,NA,NA,NA,NA,NA,NA,NA,NA,NA,NA,NA,NA,NA,NA,NA,NA,NA,NA,NA,NA,NA,NA,NA,NA,"non-face","German",NA,NA,1,NA
"200","J",20,20,"Brücke","Fluss",0.21875,"0.033783784","Brücke",NA,NA,NA,NA,NA,NA,NA,NA,NA,NA,NA,NA,NA,NA,NA,NA,NA,NA,NA,NA,NA,NA,NA,NA,NA,NA,"non-face","German",NA,NA,1,NA
"201","K",21,1,"Kamm","Bürste",0.081632653,NA,"Kamm",NA,NA,NA,NA,NA,NA,NA,NA,NA,NA,NA,NA,NA,NA,NA,NA,NA,NA,NA,NA,NA,NA,NA,NA,NA,NA,"face","German","word associations, mental image with a word","sig.: ""Bürste, Haarbürste""",3,"Österreich?"
"202","K",22,2,"Butter","Brotaufstrich",0.010135135,NA,"Butter",NA,NA,NA,NA,NA,NA,NA,NA,NA,NA,NA,NA,NA,NA,NA,NA,NA,NA,NA,NA,NA,NA,NA,NA,NA,NA,"face","German",NA,NA,3,NA
"203","K",21,3,"Pilz","Infektion",NA,NA,"Pilz",NA,NA,NA,NA,NA,NA,NA,NA,NA,NA,NA,NA,NA,NA,NA,NA,NA,NA,NA,NA,NA,NA,NA,NA,NA,NA,"face","German",NA,NA,3,NA
"204","K",22,4,"Hafen","Leuchtturm",NA,NA,"Hafen",NA,NA,NA,NA,NA,NA,NA,NA,NA,NA,NA,NA,NA,NA,NA,NA,NA,NA,NA,NA,NA,NA,NA,NA,NA,NA,"face","German",NA,NA,3,NA
"205","K",21,5,"Radio","Musik",0.51,NA,"Kassette",NA,NA,"Moderator",NA,NA,"Radio",NA,NA,NA,NA,NA,NA,NA,NA,NA,NA,NA,NA,NA,NA,NA,NA,NA,NA,NA,NA,"face","German",NA,NA,3,NA
"206","K",22,6,"Lilie","Trauerblume",NA,NA,"Lilie",NA,NA,NA,NA,NA,NA,NA,NA,NA,NA,NA,NA,NA,NA,NA,NA,NA,NA,NA,NA,NA,NA,NA,NA,NA,NA,"face","German",NA,NA,3,NA
"207","K",21,7,"Axt","Baum",0.130584192,NA,"Axt",NA,NA,NA,NA,NA,NA,NA,NA,NA,NA,NA,NA,NA,NA,NA,NA,NA,NA,NA,NA,NA,NA,NA,NA,NA,NA,"face","German",NA,NA,3,NA
"208","K",22,8,"Lehrerin","Schülerin",NA,NA,"Lehrerin",NA,NA,NA,NA,NA,NA,NA,NA,NA,NA,NA,NA,NA,NA,NA,NA,NA,NA,NA,NA,NA,NA,NA,NA,NA,NA,"face","German",NA,NA,3,NA
"209","K",21,9,"Hammer","Mauer",NA,NA,"Hammer",NA,NA,NA,NA,NA,NA,NA,NA,NA,NA,NA,NA,NA,NA,NA,NA,NA,NA,NA,NA,NA,NA,NA,NA,NA,NA,"face","German",NA,NA,3,NA
"210","K",22,10,"Schirm","Regen",0.283524904,"0.050847458","Gummistiefel",NA,NA,"Freefall",NA,NA,"Schirm",NA,NA,NA,NA,NA,NA,NA,NA,NA,NA,NA,NA,NA,NA,NA,NA,NA,NA,NA,NA,"face","German",NA,"sig. Provided English cue word (also known in German): ""Freefall""",3,NA
"211","K",21,11,"Knochen","Bruch",0.020979021,NA,"Knochen",NA,NA,NA,NA,NA,NA,NA,NA,NA,NA,NA,NA,NA,NA,NA,NA,NA,NA,NA,NA,NA,NA,NA,NA,NA,NA,"face","German",NA,NA,3,NA
"212","K",22,12,"Krone","König",0.793814433,"0.257731959","Krone",NA,NA,NA,NA,NA,NA,NA,NA,NA,NA,NA,NA,NA,NA,NA,NA,NA,NA,NA,NA,NA,NA,NA,NA,NA,NA,"face","German",NA,NA,3,NA
"213","K",21,13,"Paddel","Boot",0.63,"0.010309278","Paddel",NA,NA,NA,NA,NA,NA,NA,NA,NA,NA,NA,NA,NA,NA,NA,NA,NA,NA,NA,NA,NA,NA,NA,NA,NA,NA,"face","German",NA,NA,3,NA
"214","K",22,14,"Mauer","Mörtel",0.017123288,NA,"Mauer",NA,NA,NA,NA,NA,NA,NA,NA,NA,NA,NA,NA,NA,NA,NA,NA,NA,NA,NA,NA,NA,NA,NA,NA,NA,NA,"face","German",NA,NA,3,NA
"215","K",21,15,"Dach","Decke",NA,NA,"Dach",NA,NA,NA,NA,NA,NA,NA,NA,NA,NA,NA,NA,NA,NA,NA,NA,NA,NA,NA,NA,NA,NA,NA,NA,NA,NA,"face","German",NA,NA,3,NA
"216","K",22,16,"Rüstung","Ritter",0.29109589,"0.190972222","Burg",NA,NA,"Schild",NA,NA,"Schwert",NA,NA,"Schildkröte",NA,NA,"Rüstung",NA,NA,NA,NA,NA,NA,NA,NA,NA,NA,NA,NA,NA,NA,"face","German",NA,NA,3,NA
"217","K",21,17,"Brücke","Fluss",0.21875,"0.033783784","Kanu",NA,NA,"Weg",0.003472222,NA,"Brücke",NA,NA,NA,NA,NA,NA,NA,NA,NA,NA,NA,NA,NA,NA,NA,NA,NA,NA,NA,NA,"face","German",NA,NA,3,NA
"218","K",22,18,"Gebiss","Senior",NA,NA,"Gebiss",NA,NA,NA,NA,NA,NA,NA,NA,NA,NA,NA,NA,NA,NA,NA,NA,NA,NA,NA,NA,NA,NA,NA,NA,NA,NA,"face","German",NA,NA,3,NA
"219","K",21,19,"Feder","Stift",0.007575758,NA,"Feder",NA,NA,NA,NA,NA,NA,NA,NA,NA,NA,NA,NA,NA,NA,NA,NA,NA,NA,NA,NA,NA,NA,NA,NA,NA,NA,"face","German",NA,NA,3,NA
"220","K",22,20,"Brunnen","Grundwasser",NA,NA,"Brunnen",NA,NA,NA,NA,NA,NA,NA,NA,NA,NA,NA,NA,NA,NA,NA,NA,NA,NA,NA,NA,NA,NA,NA,NA,NA,NA,"face","German",NA,NA,3,NA
"221","L",23,1,"Kamm","Haare",0.020408163,"0.030612245","Kamm",NA,NA,NA,NA,NA,NA,NA,NA,NA,NA,NA,NA,NA,NA,NA,NA,NA,NA,NA,NA,NA,NA,NA,NA,NA,NA,"non-face","German","#information through conversation/interaction; prior bias/action patterns; promotion/put oneself in s.o. shoes; development throughout the 20 stims",NA,3,NA
"222","L",24,2,"Butter","fett",0.016891892,NA,"Butter",NA,NA,NA,NA,NA,NA,NA,NA,NA,NA,NA,NA,NA,NA,NA,NA,NA,NA,NA,NA,NA,NA,NA,NA,NA,NA,"non-face","German",NA,NA,3,NA
"223","L",23,3,"Pilz","Champignon",0.088967972,NA,"Pilz",NA,NA,NA,NA,NA,NA,NA,NA,NA,NA,NA,NA,NA,NA,NA,NA,NA,NA,NA,NA,NA,NA,NA,NA,NA,NA,"non-face","German",NA,NA,3,NA
"224","L",24,4,"Hafen","Schiffsanfahrtsstelle",NA,NA,"Hafen",NA,NA,NA,NA,NA,NA,NA,NA,NA,NA,NA,NA,NA,NA,NA,NA,NA,NA,NA,NA,NA,NA,NA,NA,NA,NA,"non-face","German",NA,NA,3,NA
"225","L",23,5,"Radio","Antenne Bayern",NA,NA,"Radio",NA,NA,NA,NA,NA,NA,NA,NA,NA,NA,NA,NA,NA,NA,NA,NA,NA,NA,NA,NA,NA,NA,NA,NA,NA,NA,"non-face","German",NA,NA,3,NA
"226","L",24,6,"Lilie","Teich",0.010204082,NA,"Lilie",NA,NA,NA,NA,NA,NA,NA,NA,NA,NA,NA,NA,NA,NA,NA,NA,NA,NA,NA,NA,NA,NA,NA,NA,NA,NA,"non-face","German",NA,NA,3,NA
"227","L",23,7,"Axt","Holzfäller",0.017182131,NA,"Axt",NA,NA,NA,NA,NA,NA,NA,NA,NA,NA,NA,NA,NA,NA,NA,NA,NA,NA,NA,NA,NA,NA,NA,NA,NA,NA,"non-face","German",NA,NA,3,NA
"228","L",24,8,"Lehrerin","Notenverteilung/-vergabe",NA,NA,"Lehrerin",NA,NA,NA,NA,NA,NA,NA,NA,NA,NA,NA,NA,NA,NA,NA,NA,NA,NA,NA,NA,NA,NA,NA,NA,NA,NA,"non-face","German",NA,"#Notenvergabe, Notenverteilung, sig. said both",3,NA
"229","L",23,9,"Hammer","Thor",0.003378378,NA,"Hammer",NA,NA,NA,NA,NA,NA,NA,NA,NA,NA,NA,NA,NA,NA,NA,NA,NA,NA,NA,NA,NA,NA,NA,NA,NA,NA,"non-face","German",NA,"#sig. Indicated that word can have 2 meanings (""Tor"", gate, and proper name ""Thor"")",3,NA
"230","L",24,10,"Schirm","Schutz",0.122605364,NA,"Schirm",NA,NA,NA,NA,NA,NA,NA,NA,NA,NA,NA,NA,NA,NA,NA,NA,NA,NA,NA,NA,NA,NA,NA,NA,NA,NA,"non-face","German",NA,NA,3,NA
"231","L",23,11,"Knochen","Mark",0.034965035,NA,"Knochen",NA,NA,NA,NA,NA,NA,NA,NA,NA,NA,NA,NA,NA,NA,NA,NA,NA,NA,NA,NA,NA,NA,NA,NA,NA,NA,"non-face","German",NA,NA,3,NA
"232","L",24,12,"Krone","Artus",NA,NA,"Krone",NA,NA,NA,NA,NA,NA,NA,NA,NA,NA,NA,NA,NA,NA,NA,NA,NA,NA,NA,NA,NA,NA,NA,NA,NA,NA,"non-face","German",NA,NA,3,NA
"233","L",23,13,"Paddel","Steuerwerkzeug",NA,NA,"Paddel",NA,NA,NA,NA,NA,NA,NA,NA,NA,NA,NA,NA,NA,NA,NA,NA,NA,NA,NA,NA,NA,NA,NA,NA,NA,NA,"non-face","German",NA,NA,3,NA
"234","L",24,14,"Mauer","DDR",0.030821918,NA,"Mauer",NA,NA,NA,NA,NA,NA,NA,NA,NA,NA,NA,NA,NA,NA,NA,NA,NA,NA,NA,NA,NA,NA,NA,NA,NA,NA,"non-face","German",NA,NA,3,NA
"235","L",23,15,"Dach","einstürzen",NA,NA,"Dach",NA,NA,NA,NA,NA,NA,NA,NA,NA,NA,NA,NA,NA,NA,NA,NA,NA,NA,NA,NA,NA,NA,NA,NA,NA,NA,"non-face","German",NA,NA,3,NA
"236","L",24,16,"Rüstung","Ritter",0.29109589,"0.190972222","Rüstung",NA,NA,NA,NA,NA,NA,NA,NA,NA,NA,NA,NA,NA,NA,NA,NA,NA,NA,NA,NA,NA,NA,NA,NA,NA,NA,"non-face","German",NA,NA,3,NA
"237","L",23,17,"Brücke","Venedig",NA,NA,"Brücke",NA,NA,NA,NA,NA,NA,NA,NA,NA,NA,NA,NA,NA,NA,NA,NA,NA,NA,NA,NA,NA,NA,NA,NA,NA,NA,"non-face","German",NA,NA,3,NA
"238","L",24,18,"Gebiss","Zähne",NA,NA,"Mund",NA,NA,"kauen",NA,NA,"Gebiss",NA,NA,NA,NA,NA,NA,NA,NA,NA,NA,NA,NA,NA,NA,NA,NA,NA,NA,NA,NA,"non-face","German",NA,NA,3,NA
"239","L",23,19,"Feder","Tintenfass",NA,NA,"Feder",NA,NA,NA,NA,NA,NA,NA,NA,NA,NA,NA,NA,NA,NA,NA,NA,NA,NA,NA,NA,NA,NA,NA,NA,NA,NA,"non-face","German",NA,NA,3,NA
"240","L",24,20,"Brunnen","Grundwasser",NA,NA,"Brunnen",NA,NA,NA,NA,NA,NA,NA,NA,NA,NA,NA,NA,NA,NA,NA,NA,NA,NA,NA,NA,NA,NA,NA,NA,NA,NA,"non-face","German",NA,NA,3,NA
"241","M",25,1,"Lilie","Blume",0.62244898,"0.01010101","Blüte",NA,NA,"Wasser",0.020408163,NA,"Gießkanne",NA,NA,"Sommer",NA,NA,"Lilie",NA,NA,NA,NA,NA,NA,NA,NA,NA,NA,NA,NA,NA,NA,"non-face","German","lexical fields, hyperonyms (""comprehensive/spanning words"" = übergreifende Wörter)","guesser wasn't aware of list of potential target words and said ""Wiese"" (meadow) first",4,NA
"242","M",26,2,"Hammer","Amboss",0.010135135,NA,"Hammer",NA,NA,NA,NA,NA,NA,NA,NA,NA,NA,NA,NA,NA,NA,NA,NA,NA,NA,NA,NA,NA,NA,NA,NA,NA,NA,"non-face","German",NA,NA,4,NA
"243","M",25,3,"Gebiss","Zähne",NA,NA,"Zahnarzt",NA,NA,"Zähne",NA,NA,"Gebiss",NA,NA,NA,NA,NA,NA,NA,NA,NA,NA,NA,NA,NA,NA,NA,NA,NA,NA,NA,NA,"non-face","German",NA,NA,4,NA
"244","M",26,4,"Axt","Holzfäller",0.017182131,NA,"Axt",NA,NA,NA,NA,NA,NA,NA,NA,NA,NA,NA,NA,NA,NA,NA,NA,NA,NA,NA,NA,NA,NA,NA,NA,NA,NA,"non-face","German",NA,NA,4,NA
"245","M",25,5,"Brücke","Fluss",0.21875,"0.033783784","Brücke",NA,NA,NA,NA,NA,NA,NA,NA,NA,NA,NA,NA,NA,NA,NA,NA,NA,NA,NA,NA,NA,NA,NA,NA,NA,NA,"non-face","German",NA,NA,4,NA
"246","M",26,6,"Schirm","Unwetter",NA,NA,"Schirm",NA,NA,NA,NA,NA,NA,NA,NA,NA,NA,NA,NA,NA,NA,NA,NA,NA,NA,NA,NA,NA,NA,NA,NA,NA,NA,"non-face","German",NA,NA,4,NA
"247","M",25,7,"Dach","Giebel",0.02,NA,"Dach",NA,NA,NA,NA,NA,NA,NA,NA,NA,NA,NA,NA,NA,NA,NA,NA,NA,NA,NA,NA,NA,NA,NA,NA,NA,NA,"non-face","German",NA,NA,4,NA
"248","M",26,8,"Knochen","Skelett",0.125874126,NA,"Knochen",NA,NA,NA,NA,NA,NA,NA,NA,NA,NA,NA,NA,NA,NA,NA,NA,NA,NA,NA,NA,NA,NA,NA,NA,NA,NA,"non-face","German",NA,NA,4,NA
"249","M",25,9,"Mauer","Zement",0.010273973,NA,"Mauer",NA,NA,NA,NA,NA,NA,NA,NA,NA,NA,NA,NA,NA,NA,NA,NA,NA,NA,NA,NA,NA,NA,NA,NA,NA,NA,"non-face","German",NA,NA,4,NA
"250","M",26,10,"Kamm","Friseur",NA,NA,"Kamm",NA,NA,NA,NA,NA,NA,NA,NA,NA,NA,NA,NA,NA,NA,NA,NA,NA,NA,NA,NA,NA,NA,NA,NA,NA,NA,"non-face","German",NA,NA,4,NA
"251","M",25,11,"Radio","Autofahrt",NA,NA,"Radio",NA,NA,NA,NA,NA,NA,NA,NA,NA,NA,NA,NA,NA,NA,NA,NA,NA,NA,NA,NA,NA,NA,NA,NA,NA,NA,"non-face","German",NA,NA,4,NA
"252","M",26,12,"Butter","Magarine",NA,NA,"Butter",NA,NA,NA,NA,NA,NA,NA,NA,NA,NA,NA,NA,NA,NA,NA,NA,NA,NA,NA,NA,NA,NA,NA,NA,NA,NA,"non-face","German",NA,NA,4,NA
"253","M",25,13,"Lehrerin","Unterricht",0.108013937,NA,"Lehrerin",NA,NA,NA,NA,NA,NA,NA,NA,NA,NA,NA,NA,NA,NA,NA,NA,NA,NA,NA,NA,NA,NA,NA,NA,NA,NA,"non-face","German",NA,NA,4,NA
"254","M",26,14,"Pilz","Champignon",0.088967972,NA,"Pilz",NA,NA,NA,NA,NA,NA,NA,NA,NA,NA,NA,NA,NA,NA,NA,NA,NA,NA,NA,NA,NA,NA,NA,NA,NA,NA,"non-face","German",NA,NA,4,NA
"255","M",25,15,"Brunnen","Wasser",0.680412371,NA,"Brunnen",NA,NA,NA,NA,NA,NA,NA,NA,NA,NA,NA,NA,NA,NA,NA,NA,NA,NA,NA,NA,NA,NA,NA,NA,NA,NA,"non-face","German",NA,NA,4,NA
"256","M",26,16,"Rüstung","Ritter",0.29109589,"0.190972222","Rüstung",NA,NA,NA,NA,NA,NA,NA,NA,NA,NA,NA,NA,NA,NA,NA,NA,NA,NA,NA,NA,NA,NA,NA,NA,NA,NA,"non-face","German",NA,NA,4,NA
"257","M",25,17,"Hafen","Handel",NA,NA,"Hafen",NA,NA,NA,NA,NA,NA,NA,NA,NA,NA,NA,NA,NA,NA,NA,NA,NA,NA,NA,NA,NA,NA,NA,NA,NA,NA,"non-face","German",NA,NA,4,NA
"258","M",26,18,"Feder","Hut",0.011363636,"0.017142857","Feder",NA,NA,NA,NA,NA,NA,NA,NA,NA,NA,NA,NA,NA,NA,NA,NA,NA,NA,NA,NA,NA,NA,NA,NA,NA,NA,"non-face","German",NA,NA,4,NA
"259","M",25,19,"Krone","König",0.793814433,"0.257731959","Königin",NA,NA,"Schmuck",0.010309278,NA,"Krone",NA,NA,NA,NA,NA,NA,NA,NA,NA,NA,NA,NA,NA,NA,NA,NA,NA,NA,NA,NA,"non-face","German",NA,NA,4,NA
"260","M",26,20,"Paddel","Boot",0.63,"0.010309278","Paddel",NA,NA,NA,NA,NA,NA,NA,NA,NA,NA,NA,NA,NA,NA,NA,NA,NA,NA,NA,NA,NA,NA,NA,NA,NA,NA,"non-face","German",NA,NA,4,NA
"261","N",27,1,"Lilie","Blume",0.62244898,"0.01010101","Tulipe",NA,NA,"Beerdigung",0.010204082,NA,"Lilie",NA,NA,NA,NA,NA,NA,NA,NA,NA,NA,NA,NA,NA,NA,NA,NA,NA,NA,NA,NA,"face","German","Wortassoziationen",NA,4,NA
"262","N",28,2,"Hammer","Nagel",0.287162162,NA,"Hammer",NA,NA,NA,NA,NA,NA,NA,NA,NA,NA,NA,NA,NA,NA,NA,NA,NA,NA,NA,NA,NA,NA,NA,NA,NA,NA,"face","German",NA,NA,4,NA
"263","N",27,3,"Gebiss","Zähne",NA,NA,"Gebiss",NA,NA,NA,NA,NA,NA,NA,NA,NA,NA,NA,NA,NA,NA,NA,NA,NA,NA,NA,NA,NA,NA,NA,NA,NA,NA,"face","German",NA,NA,4,NA
"264","N",28,4,"Axt","Holz",0.206185567,NA,"Axt",NA,NA,NA,NA,NA,NA,NA,NA,NA,NA,NA,NA,NA,NA,NA,NA,NA,NA,NA,NA,NA,NA,NA,NA,NA,NA,"face","German",NA,NA,4,NA
"265","N",27,5,"Brücke","Fluss",0.21875,"0.033783784","Brücke",NA,NA,NA,NA,NA,NA,NA,NA,NA,NA,NA,NA,NA,NA,NA,NA,NA,NA,NA,NA,NA,NA,NA,NA,NA,NA,"face","German",NA,NA,4,NA
"266","N",28,6,"Schirm","Regen",0.283524904,"0.050847458","Schirm",NA,NA,NA,NA,NA,NA,NA,NA,NA,NA,NA,NA,NA,NA,NA,NA,NA,NA,NA,NA,NA,NA,NA,NA,NA,NA,"face","German",NA,NA,4,NA
"267","N",27,7,"Dach","Haus",0.29,"0.134020619","Dach",NA,NA,NA,NA,NA,NA,NA,NA,NA,NA,NA,NA,NA,NA,NA,NA,NA,NA,NA,NA,NA,NA,NA,NA,NA,NA,"face","German",NA,NA,4,NA
"268","N",28,8,"Knochen","Skelett",0.125874126,NA,"Knochen",NA,NA,NA,NA,NA,NA,NA,NA,NA,NA,NA,NA,NA,NA,NA,NA,NA,NA,NA,NA,NA,NA,NA,NA,NA,NA,"face","German",NA,NA,4,NA
"269","N",27,9,"Mauer","Grenze",0.034246575,NA,"Mauer",NA,NA,NA,NA,NA,NA,NA,NA,NA,NA,NA,NA,NA,NA,NA,NA,NA,NA,NA,NA,NA,NA,NA,NA,NA,NA,"face","German",NA,NA,4,NA
"270","N",28,10,"Kamm","Bürste ",NA,NA,"Kamm",NA,NA,NA,NA,NA,NA,NA,NA,NA,NA,NA,NA,NA,NA,NA,NA,NA,NA,NA,NA,NA,NA,NA,NA,NA,NA,"face","German",NA,NA,4,NA
"271","N",27,11,"Radio","Rundfunk",NA,NA,"Radio",NA,NA,NA,NA,NA,NA,NA,NA,NA,NA,NA,NA,NA,NA,NA,NA,NA,NA,NA,NA,NA,NA,NA,NA,NA,NA,"face","German",NA,NA,4,NA
"272","N",28,12,"Butter","Magarine",NA,NA,"Buttter",NA,NA,NA,NA,NA,NA,NA,NA,NA,NA,NA,NA,NA,NA,NA,NA,NA,NA,NA,NA,NA,NA,NA,NA,NA,NA,"face","German",NA,NA,4,NA
"273","N",27,13,"Lehrerin","Schule",0.229965157,NA,"Lehrerin",NA,NA,NA,NA,NA,NA,NA,NA,NA,NA,NA,NA,NA,NA,NA,NA,NA,NA,NA,NA,NA,NA,NA,NA,NA,NA,"face","German",NA,NA,4,NA
"274","N",28,14,"Pilz","Champignon",0.088967972,NA,"Pilz",NA,NA,NA,NA,NA,NA,NA,NA,NA,NA,NA,NA,NA,NA,NA,NA,NA,NA,NA,NA,NA,NA,NA,NA,NA,NA,"face","German",NA,NA,4,NA
"275","N",27,15,"Brunnen","Frischwasser",NA,NA,"Fontäne",NA,NA,"Pumpe",NA,NA,"Schlauch",NA,NA,"Loch",0.010309278,NA,"Brunnen",NA,NA,NA,NA,NA,NA,NA,NA,NA,NA,NA,NA,NA,NA,"face","German",NA,NA,4,NA
"276","N",28,16,"Rüstung","Ritter",0.29109589,"0.190972222","Rüstung",NA,NA,NA,NA,NA,NA,NA,NA,NA,NA,NA,NA,NA,NA,NA,NA,NA,NA,NA,NA,NA,NA,NA,NA,NA,NA,"face","German",NA,NA,4,NA
"277","N",27,17,"Hafen","Schiffe",NA,NA,"Hafen",NA,NA,NA,NA,NA,NA,NA,NA,NA,NA,NA,NA,NA,NA,NA,NA,NA,NA,NA,NA,NA,NA,NA,NA,NA,NA,"face","German",NA,NA,4,NA
"278","N",28,18,"Feder","Vogel",0.208333333,"0.057471264","Kuckuck",NA,NA,"schreiben",0.090909091,NA,"Feder",NA,NA,NA,NA,NA,NA,NA,NA,NA,NA,NA,NA,NA,NA,NA,NA,NA,NA,NA,NA,"face","German",NA,NA,4,NA
"279","N",27,19,"Krone","König",0.793814433,"0.257731959","Thron",NA,NA,"Kopf",NA,NA,"Krone",NA,NA,NA,NA,NA,NA,NA,NA,NA,NA,NA,NA,NA,NA,NA,NA,NA,NA,NA,NA,"face","German",NA,NA,4,NA
"280","N",28,20,"Paddel","Ruder",0.02,NA,"Paddel",NA,NA,NA,NA,NA,NA,NA,NA,NA,NA,NA,NA,NA,NA,NA,NA,NA,NA,NA,NA,NA,NA,NA,NA,NA,NA,"face","German",NA,NA,4,NA
